country,gross_revenue,refunds,net_revenue,assumed_cogs,assumed_marketplace_fees,assumed_advertising,modeled_contribution_profit,sold_units,returned_units,modeled_contribution_margin,return_unit_rate
Australia,167867.51,1517.8600000000001,166349.65,104493.312,25180.1265,13429.4008,23246.810699999995,103763,689,0.13974667635309118,0.006640131838902113
Austria,20297.010000000002,225.41,20071.6,11343.893,3044.5515,1623.7608,4059.3946999999994,11499,269,0.20224569541043064,0.023393338551178363
Bahrain,3109.79,248.24,2861.55,1758.691,466.4685,248.7832,387.6072999999999,1339,64,0.13545361779455187,0.04779686333084392
Belgium,57012.67,394.28,56618.39,31995.348,8551.9005,4561.0136,11510.127899999998,34353,159,0.20329309787862207,0.00462841673216313
Bermuda,1253.1399999999999,0.0,1253.1399999999999,956.0540000000001,187.971,100.2512,8.8637999999999,2798,0,0.007073271940884419,0.0
Brazil,1411.87,0.0,1411.87,827.3430000000001,211.7805,112.9496,259.79689999999994,545,0,0.18400908015610498,0.0
Canada,4332.1,0.0,4332.1,2735.9915,649.8149999999999,346.568,599.7254999999999,3656,0,0.13843759377669027,0.0
Channel Islands,44040.23,2188.52,41851.71,24060.377,6606.0345,3523.2184,7662.080099999998,21395,1005,0.1830768706941723,0.04697359196073849
Cyprus,24614.44,496.7,24117.74,13980.879,3692.1659999999997,1969.1552000000001,4475.5398,10982,297,0.18557044731388592,0.02704425423420142
Czech Republic,786.74,115.02,671.72,431.75000000000006,118.011,62.9392,59.01979999999996,670,78,0.08786369320550223,0.11641791044776119
Denmark,67422.69,4067.0999999999995,63355.590000000004,158332.5645,10113.4035,5393.8152,-110484.19320000001,237406,2704,-1.743874426865885,0.011389771109407512
EIRE,623795.85,20378.55,603417.3,366817.74525000004,93569.3775,49903.668,93126.50924999997,336323,9180,0.15433185168870692,0.027295189445860082
European Community,1159.25,8.5,1150.75,670.4445000000001,173.8875,92.74000000000001,213.67799999999997,490,2,0.18568585704975013,0.004081632653061225
Finland,25180.1,90.44,25089.66,14302.277,3777.015,2014.4080000000001,4995.959999999999,14265,51,0.1991242607512417,0.0035751840168243955
France,311288.38,17662.04,293626.34,168051.0425,46693.257,24903.0704,53978.97009999999,270779,90275,0.18383558539060219,0.3333899600781449
Germany,383847.67,8715.49,375132.18,217758.09000000003,57577.150499999996,30707.8136,69089.12589999998,223302,3303,0.18417275185509274,0.014791627482064649
Greece,18711.19,50.7,18660.49,11204.330500000002,2806.6785,1496.8952,3152.585799999999,7716,16,0.1689444275043152,0.002073613271124935
Hong Kong,13875.25,10.95,13864.3,8059.7055,2081.2875,1110.02,2613.287,7074,1,0.18849036734634997,0.0001413627367825841
Iceland,4921.53,0.0,4921.53,2987.1325,738.2295,393.7224,802.4455999999998,2967,0,0.1630479952372534,0.0
Israel,11334.66,227.44,11107.22,6664.6965,1700.199,906.7728,1835.5516999999995,5541,56,0.1652575261856702,0.010106478974914275
Italy,28951.95,710.7,28241.25,16092.741500000002,4342.7925,2316.156,5489.5599999999995,15260,184,0.19438091444252642,0.012057667103538663
Japan,43023.909999999996,3277.14,39746.77,24829.09,6453.586499999999,3441.9128,5022.180699999998,31643,1500,0.12635443584472394,0.047403849192554436
Korea,1118.51,168.69000000000003,949.82,582.626,167.7765,89.4808,109.93669999999999,700,102,0.11574477269377353,0.1457142857142857
Lebanon,1905.58,0.0,1905.58,1074.865,285.837,152.4464,392.43159999999995,458,0,0.20593813956905507,0.0
Lithuania,4892.68,0.0,4892.68,2654.2780000000002,733.9019999999999,391.4144,1113.0855999999999,2306,0,0.22750018394826554,0.0
Malta,4757.34,90.12,4667.22,2645.6870000000004,713.601,380.5872,927.3447999999999,2505,24,0.19869318352252513,0.009580838323353293
Netherlands,549775.0599999999,3677.98,546097.08,349327.924,82466.25899999999,43982.0048,70320.89219999997,383626,2164,0.12876994727750601,0.005640910678629707
Nigeria,112.57000000000001,147.05,-34.48,-18.744,16.8855,9.0056,-41.6271,102,47,,0.46078431372549017
Norway,38575.36,161.68,38413.68,22973.879500000003,5786.304,3086.0288,6567.467699999998,23556,88,0.1709668977301836,0.0037357785702156563
Poland,10214.29,374.36,9839.93,6250.75,1532.1435,817.1432,1239.8932999999997,5677,184,0.12600631305303997,0.03241148493922846
Portugal,47406.87,630.28,46776.590000000004,26712.790500000003,7111.0305,3792.5496000000003,9160.219399999998,27565,343,0.19582914017460437,0.012443315799020497
RSA,3369.03,0.0,3369.03,1879.7405,505.3545,269.5224,714.4126,1969,0,0.2120529054356892,0.0
Saudi Arabia,145.92,14.75,131.17,72.1435,21.887999999999998,11.6736,25.464899999999997,80,5,0.19413661660440648,0.0625
Singapore,13158.16,0.0,13158.16,7866.452,1973.724,1052.6528,2265.331199999999,6987,0,0.17216170042011947,0.0
Spain,97818.07,12955.19,84862.88,48855.741,14672.7105,7825.4456,13508.982899999999,50018,5640,0.15918600570708888,0.11275940661361909
Sweden,86353.04,1973.97,84379.07,49555.649000000005,12952.956,6908.2432,14962.221799999998,88554,764,0.17732148268522036,0.008627504121778802
Switzerland,94046.89,1106.53,92940.36,54960.829000000005,14107.0335,7523.7512,16348.746299999997,52624,499,0.17590577764062887,0.00948236546062633
Thailand,3070.54,0.0,3070.54,2008.633,460.58099999999996,245.6432,355.6827999999998,2552,0,0.11583721430106751,0.0
USA,7920.01,2080.32,5839.69,3236.1175000000003,1188.0015,633.6008,781.9701999999999,5259,1564,0.1339061148793857,0.2973949420041833
United Arab Emirates,10273.23,645.08,9628.15,5327.9710000000005,1540.9845,821.8584000000001,1937.3360999999998,7316,592,0.20121582027700025,0.08091853471842538
United Kingdom,16855161.47,634959.38,16220202.09,9300003.1575,2528274.2205,1348412.9176,3043511.7943999995,9208921,347962,0.1876371069554288,0.03778531708546528
Unspecified,10936.01,22.0,10914.01,6076.103,1640.4015,874.8808,2322.6247,6734,16,0.2128113040028367,0.002376002376002376
West Indies,536.41,0.0,536.41,289.4705,80.4615,42.9128,123.56519999999998,395,0,0.23035588449134053,0.0
