series_id,model,fold,split,origin,week,horizon,actual_units,predicted_units
ALL,Recent 4-week mean,1,validation,2011-06-19,2011-06-20,1,75048.0,85903.75
ALL,Recent 4-week mean,1,validation,2011-06-19,2011-06-27,2,76531.0,85903.75
ALL,Recent 4-week mean,1,validation,2011-06-19,2011-07-04,3,93021.0,85903.75
ALL,Recent 4-week mean,1,validation,2011-06-19,2011-07-11,4,81257.0,85903.75
ALL,Seasonal naive (52 weeks),1,validation,2011-06-19,2011-06-20,1,75048.0,65546.0
ALL,Seasonal naive (52 weeks),1,validation,2011-06-19,2011-06-27,2,76531.0,107615.0
ALL,Seasonal naive (52 weeks),1,validation,2011-06-19,2011-07-04,3,93021.0,75014.0
ALL,Seasonal naive (52 weeks),1,validation,2011-06-19,2011-07-11,4,81257.0,85184.0
ALL,Seasonal ridge,1,validation,2011-06-19,2011-06-20,1,75048.0,86975.51683509443
ALL,Seasonal ridge,1,validation,2011-06-19,2011-06-27,2,76531.0,99315.78100228976
ALL,Seasonal ridge,1,validation,2011-06-19,2011-07-04,3,93021.0,88817.80307759419
ALL,Seasonal ridge,1,validation,2011-06-19,2011-07-11,4,81257.0,91460.17280063411
ALL,Recent 4-week mean,2,validation,2011-07-17,2011-07-18,1,109856.0,81464.25
ALL,Recent 4-week mean,2,validation,2011-07-17,2011-07-25,2,106427.0,81464.25
ALL,Recent 4-week mean,2,validation,2011-07-17,2011-08-01,3,103036.0,81464.25
ALL,Recent 4-week mean,2,validation,2011-07-17,2011-08-08,4,98391.0,81464.25
ALL,Seasonal naive (52 weeks),2,validation,2011-07-17,2011-07-18,1,109856.0,82769.0
ALL,Seasonal naive (52 weeks),2,validation,2011-07-17,2011-07-25,2,106427.0,74728.0
ALL,Seasonal naive (52 weeks),2,validation,2011-07-17,2011-08-01,3,103036.0,75171.0
ALL,Seasonal naive (52 weeks),2,validation,2011-07-17,2011-08-08,4,98391.0,182410.0
ALL,Seasonal ridge,2,validation,2011-07-17,2011-07-18,1,109856.0,83198.25191833964
ALL,Seasonal ridge,2,validation,2011-07-17,2011-07-25,2,106427.0,80085.94176943273
ALL,Seasonal ridge,2,validation,2011-07-17,2011-08-01,3,103036.0,79238.72198092354
ALL,Seasonal ridge,2,validation,2011-07-17,2011-08-08,4,98391.0,117768.75020054569
ALL,Recent 4-week mean,3,validation,2011-08-14,2011-08-15,1,99935.0,104427.5
ALL,Recent 4-week mean,3,validation,2011-08-14,2011-08-22,2,97426.0,104427.5
ALL,Recent 4-week mean,3,validation,2011-08-14,2011-08-29,3,79784.0,104427.5
ALL,Recent 4-week mean,3,validation,2011-08-14,2011-09-05,4,110299.0,104427.5
ALL,Seasonal naive (52 weeks),3,validation,2011-08-14,2011-08-15,1,99935.0,107822.0
ALL,Seasonal naive (52 weeks),3,validation,2011-08-14,2011-08-22,2,97426.0,83681.0
ALL,Seasonal naive (52 weeks),3,validation,2011-08-14,2011-08-29,3,79784.0,87542.0
ALL,Seasonal naive (52 weeks),3,validation,2011-08-14,2011-09-05,4,110299.0,75253.0
ALL,Seasonal ridge,3,validation,2011-08-14,2011-08-15,1,99935.0,94117.68851057248
ALL,Seasonal ridge,3,validation,2011-08-14,2011-08-22,2,97426.0,85765.28168351336
ALL,Seasonal ridge,3,validation,2011-08-14,2011-08-29,3,79784.0,85054.6117339651
ALL,Seasonal ridge,3,validation,2011-08-14,2011-09-05,4,110299.0,81225.34240460292
ALL,Recent 4-week mean,4,validation,2011-09-11,2011-09-12,1,120983.0,96861.0
ALL,Recent 4-week mean,4,validation,2011-09-11,2011-09-19,2,169618.0,96861.0
ALL,Recent 4-week mean,4,validation,2011-09-11,2011-09-26,3,120297.0,96861.0
ALL,Recent 4-week mean,4,validation,2011-09-11,2011-10-03,4,171487.0,96861.0
ALL,Seasonal naive (52 weeks),4,validation,2011-09-11,2011-09-12,1,120983.0,101421.0
ALL,Seasonal naive (52 weeks),4,validation,2011-09-11,2011-09-19,2,169618.0,139840.0
ALL,Seasonal naive (52 weeks),4,validation,2011-09-11,2011-09-26,3,120297.0,237634.0
ALL,Seasonal naive (52 weeks),4,validation,2011-09-11,2011-10-03,4,171487.0,164356.0
ALL,Seasonal ridge,4,validation,2011-09-11,2011-09-12,1,120983.0,101146.5670648684
ALL,Seasonal ridge,4,validation,2011-09-11,2011-09-19,2,169618.0,110039.99248176052
ALL,Seasonal ridge,4,validation,2011-09-11,2011-09-26,3,120297.0,139520.83814144006
ALL,Seasonal ridge,4,validation,2011-09-11,2011-10-03,4,171487.0,121135.96635116558
ALL,Recent 4-week mean,5,test,2011-10-09,2011-10-10,1,117896.0,145596.25
ALL,Recent 4-week mean,5,test,2011-10-09,2011-10-17,2,152664.0,145596.25
ALL,Recent 4-week mean,5,test,2011-10-09,2011-10-24,3,149752.0,145596.25
ALL,Recent 4-week mean,5,test,2011-10-09,2011-10-31,4,158804.0,145596.25
ALL,Seasonal naive (52 weeks),5,test,2011-10-09,2011-10-10,1,117896.0,173475.0
ALL,Seasonal naive (52 weeks),5,test,2011-10-09,2011-10-17,2,152664.0,127841.0
ALL,Seasonal naive (52 weeks),5,test,2011-10-09,2011-10-24,3,149752.0,113254.0
ALL,Seasonal naive (52 weeks),5,test,2011-10-09,2011-10-31,4,158804.0,163699.0
ALL,Seasonal ridge,5,test,2011-10-09,2011-10-10,1,117896.0,144375.87246462944
ALL,Seasonal ridge,5,test,2011-10-09,2011-10-17,2,152664.0,128053.25569871676
ALL,Seasonal ridge,5,test,2011-10-09,2011-10-24,3,149752.0,123379.16244337171
ALL,Seasonal ridge,5,test,2011-10-09,2011-10-31,4,158804.0,133946.1766770456
ALL,Recent 4-week mean,6,test,2011-11-06,2011-11-07,1,182855.0,144779.0
ALL,Recent 4-week mean,6,test,2011-11-06,2011-11-14,2,185755.0,144779.0
ALL,Recent 4-week mean,6,test,2011-11-06,2011-11-21,3,155535.0,144779.0
ALL,Recent 4-week mean,6,test,2011-11-06,2011-11-28,4,156876.0,144779.0
ALL,Seasonal naive (52 weeks),6,test,2011-11-06,2011-11-07,1,182855.0,178449.0
ALL,Seasonal naive (52 weeks),6,test,2011-11-06,2011-11-14,2,185755.0,171066.0
ALL,Seasonal naive (52 weeks),6,test,2011-11-06,2011-11-21,3,155535.0,147719.0
ALL,Seasonal naive (52 weeks),6,test,2011-11-06,2011-11-28,4,156876.0,157365.0
ALL,Seasonal ridge,6,test,2011-11-06,2011-11-07,1,182855.0,150879.1577186942
ALL,Seasonal ridge,6,test,2011-11-06,2011-11-14,2,185755.0,145051.3141923038
ALL,Seasonal ridge,6,test,2011-11-06,2011-11-21,3,155535.0,136546.1557246776
ALL,Seasonal ridge,6,test,2011-11-06,2011-11-28,4,156876.0,134863.36986392434
84077,Recent 4-week mean,1,validation,2011-06-19,2011-06-20,1,961.0,661.5
84077,Recent 4-week mean,1,validation,2011-06-19,2011-06-27,2,291.0,661.5
84077,Recent 4-week mean,1,validation,2011-06-19,2011-07-04,3,1109.0,661.5
84077,Recent 4-week mean,1,validation,2011-06-19,2011-07-11,4,1104.0,661.5
84077,Seasonal naive (52 weeks),1,validation,2011-06-19,2011-06-20,1,961.0,544.0
84077,Seasonal naive (52 weeks),1,validation,2011-06-19,2011-06-27,2,291.0,1448.0
84077,Seasonal naive (52 weeks),1,validation,2011-06-19,2011-07-04,3,1109.0,193.0
84077,Seasonal naive (52 weeks),1,validation,2011-06-19,2011-07-11,4,1104.0,823.0
84077,Seasonal ridge,1,validation,2011-06-19,2011-06-20,1,961.0,614.1801847009318
84077,Seasonal ridge,1,validation,2011-06-19,2011-06-27,2,291.0,385.2883872164671
84077,Seasonal ridge,1,validation,2011-06-19,2011-07-04,3,1109.0,538.8584929926014
84077,Seasonal ridge,1,validation,2011-06-19,2011-07-11,4,1104.0,456.57465112048504
84077,Recent 4-week mean,2,validation,2011-07-17,2011-07-18,1,726.0,866.25
84077,Recent 4-week mean,2,validation,2011-07-17,2011-07-25,2,823.0,866.25
84077,Recent 4-week mean,2,validation,2011-07-17,2011-08-01,3,98.0,866.25
84077,Recent 4-week mean,2,validation,2011-07-17,2011-08-08,4,577.0,866.25
84077,Seasonal naive (52 weeks),2,validation,2011-07-17,2011-07-18,1,726.0,1057.0
84077,Seasonal naive (52 weeks),2,validation,2011-07-17,2011-07-25,2,823.0,838.0
84077,Seasonal naive (52 weeks),2,validation,2011-07-17,2011-08-01,3,98.0,2986.0
84077,Seasonal naive (52 weeks),2,validation,2011-07-17,2011-08-08,4,577.0,817.0
84077,Seasonal ridge,2,validation,2011-07-17,2011-07-18,1,726.0,817.6235192494792
84077,Seasonal ridge,2,validation,2011-07-17,2011-07-25,2,823.0,986.3437689157674
84077,Seasonal ridge,2,validation,2011-07-17,2011-08-01,3,98.0,712.6932232199399
84077,Seasonal ridge,2,validation,2011-07-17,2011-08-08,4,577.0,1175.5344186278205
84077,Recent 4-week mean,3,validation,2011-08-14,2011-08-15,1,528.0,556.0
84077,Recent 4-week mean,3,validation,2011-08-14,2011-08-22,2,1056.0,556.0
84077,Recent 4-week mean,3,validation,2011-08-14,2011-08-29,3,290.0,556.0
84077,Recent 4-week mean,3,validation,2011-08-14,2011-09-05,4,432.0,556.0
84077,Seasonal naive (52 weeks),3,validation,2011-08-14,2011-08-15,1,528.0,816.0
84077,Seasonal naive (52 weeks),3,validation,2011-08-14,2011-08-22,2,1056.0,246.0
84077,Seasonal naive (52 weeks),3,validation,2011-08-14,2011-08-29,3,290.0,1920.0
84077,Seasonal naive (52 weeks),3,validation,2011-08-14,2011-09-05,4,432.0,865.0
84077,Seasonal ridge,3,validation,2011-08-14,2011-08-15,1,528.0,899.3154044499729
84077,Seasonal ridge,3,validation,2011-08-14,2011-08-22,2,1056.0,992.9344626074237
84077,Seasonal ridge,3,validation,2011-08-14,2011-08-29,3,290.0,677.68357465541
84077,Seasonal ridge,3,validation,2011-08-14,2011-09-05,4,432.0,923.0868364570073
84077,Recent 4-week mean,4,validation,2011-09-11,2011-09-12,1,1296.0,576.5
84077,Recent 4-week mean,4,validation,2011-09-11,2011-09-19,2,587.0,576.5
84077,Recent 4-week mean,4,validation,2011-09-11,2011-09-26,3,1008.0,576.5
84077,Recent 4-week mean,4,validation,2011-09-11,2011-10-03,4,989.0,576.5
84077,Seasonal naive (52 weeks),4,validation,2011-09-11,2011-09-12,1,1296.0,307.0
84077,Seasonal naive (52 weeks),4,validation,2011-09-11,2011-09-19,2,587.0,917.0
84077,Seasonal naive (52 weeks),4,validation,2011-09-11,2011-09-26,3,1008.0,770.0
84077,Seasonal naive (52 weeks),4,validation,2011-09-11,2011-10-03,4,989.0,3552.0
84077,Seasonal ridge,4,validation,2011-09-11,2011-09-12,1,1296.0,818.1392887081897
84077,Seasonal ridge,4,validation,2011-09-11,2011-09-19,2,587.0,643.0408307975747
84077,Seasonal ridge,4,validation,2011-09-11,2011-09-26,3,1008.0,710.1051371418348
84077,Seasonal ridge,4,validation,2011-09-11,2011-10-03,4,989.0,153.93852408000453
84077,Recent 4-week mean,5,test,2011-10-09,2011-10-10,1,730.0,970.0
84077,Recent 4-week mean,5,test,2011-10-09,2011-10-17,2,975.0,970.0
84077,Recent 4-week mean,5,test,2011-10-09,2011-10-24,3,5328.0,970.0
84077,Recent 4-week mean,5,test,2011-10-09,2011-10-31,4,974.0,970.0
84077,Seasonal naive (52 weeks),5,test,2011-10-09,2011-10-10,1,730.0,720.0
84077,Seasonal naive (52 weeks),5,test,2011-10-09,2011-10-17,2,975.0,481.0
84077,Seasonal naive (52 weeks),5,test,2011-10-09,2011-10-24,3,5328.0,730.0
84077,Seasonal naive (52 weeks),5,test,2011-10-09,2011-10-31,4,974.0,5349.0
84077,Seasonal ridge,5,test,2011-10-09,2011-10-10,1,730.0,1019.5647353287969
84077,Seasonal ridge,5,test,2011-10-09,2011-10-17,2,975.0,1093.3657397259676
84077,Seasonal ridge,5,test,2011-10-09,2011-10-24,3,5328.0,1066.6702190864412
84077,Seasonal ridge,5,test,2011-10-09,2011-10-31,4,974.0,395.03803714592584
84077,Recent 4-week mean,6,test,2011-11-06,2011-11-07,1,1167.0,2001.75
84077,Recent 4-week mean,6,test,2011-11-06,2011-11-14,2,1170.0,2001.75
84077,Recent 4-week mean,6,test,2011-11-06,2011-11-21,3,915.0,2001.75
84077,Recent 4-week mean,6,test,2011-11-06,2011-11-28,4,689.0,2001.75
84077,Seasonal naive (52 weeks),6,test,2011-11-06,2011-11-07,1,1167.0,2556.0
84077,Seasonal naive (52 weeks),6,test,2011-11-06,2011-11-14,2,1170.0,826.0
84077,Seasonal naive (52 weeks),6,test,2011-11-06,2011-11-21,3,915.0,629.0
84077,Seasonal naive (52 weeks),6,test,2011-11-06,2011-11-28,4,689.0,3654.0
84077,Seasonal ridge,6,test,2011-11-06,2011-11-07,1,1167.0,1817.2409538207276
84077,Seasonal ridge,6,test,2011-11-06,2011-11-14,2,1170.0,1973.406163012501
84077,Seasonal ridge,6,test,2011-11-06,2011-11-21,3,915.0,1905.2607374414222
84077,Seasonal ridge,6,test,2011-11-06,2011-11-28,4,689.0,1371.8320329444618
85099B,Recent 4-week mean,1,validation,2011-06-19,2011-06-20,1,841.0,762.0
85099B,Recent 4-week mean,1,validation,2011-06-19,2011-06-27,2,815.0,762.0
85099B,Recent 4-week mean,1,validation,2011-06-19,2011-07-04,3,1364.0,762.0
85099B,Recent 4-week mean,1,validation,2011-06-19,2011-07-11,4,431.0,762.0
85099B,Seasonal naive (52 weeks),1,validation,2011-06-19,2011-06-20,1,841.0,750.0
85099B,Seasonal naive (52 weeks),1,validation,2011-06-19,2011-06-27,2,815.0,1415.0
85099B,Seasonal naive (52 weeks),1,validation,2011-06-19,2011-07-04,3,1364.0,654.0
85099B,Seasonal naive (52 weeks),1,validation,2011-06-19,2011-07-11,4,431.0,865.0
85099B,Seasonal ridge,1,validation,2011-06-19,2011-06-20,1,841.0,907.6852360266314
85099B,Seasonal ridge,1,validation,2011-06-19,2011-06-27,2,815.0,1036.3353429922172
85099B,Seasonal ridge,1,validation,2011-06-19,2011-07-04,3,1364.0,937.8448914661974
85099B,Seasonal ridge,1,validation,2011-06-19,2011-07-11,4,431.0,972.5471319966979
85099B,Recent 4-week mean,2,validation,2011-07-17,2011-07-18,1,733.0,862.75
85099B,Recent 4-week mean,2,validation,2011-07-17,2011-07-25,2,540.0,862.75
85099B,Recent 4-week mean,2,validation,2011-07-17,2011-08-01,3,1050.0,862.75
85099B,Recent 4-week mean,2,validation,2011-07-17,2011-08-08,4,1373.0,862.75
85099B,Seasonal naive (52 weeks),2,validation,2011-07-17,2011-07-18,1,733.0,1268.0
85099B,Seasonal naive (52 weeks),2,validation,2011-07-17,2011-07-25,2,540.0,618.0
85099B,Seasonal naive (52 weeks),2,validation,2011-07-17,2011-08-01,3,1050.0,726.0
85099B,Seasonal naive (52 weeks),2,validation,2011-07-17,2011-08-08,4,1373.0,893.0
85099B,Seasonal ridge,2,validation,2011-07-17,2011-07-18,1,733.0,902.4058594890963
85099B,Seasonal ridge,2,validation,2011-07-17,2011-07-25,2,540.0,817.7740925282992
85099B,Seasonal ridge,2,validation,2011-07-17,2011-08-01,3,1050.0,785.3010977476699
85099B,Seasonal ridge,2,validation,2011-07-17,2011-08-08,4,1373.0,784.9780298977954
85099B,Recent 4-week mean,3,validation,2011-08-14,2011-08-15,1,1356.0,924.0
85099B,Recent 4-week mean,3,validation,2011-08-14,2011-08-22,2,1518.0,924.0
85099B,Recent 4-week mean,3,validation,2011-08-14,2011-08-29,3,717.0,924.0
85099B,Recent 4-week mean,3,validation,2011-08-14,2011-09-05,4,556.0,924.0
85099B,Seasonal naive (52 weeks),3,validation,2011-08-14,2011-08-15,1,1356.0,189.0
85099B,Seasonal naive (52 weeks),3,validation,2011-08-14,2011-08-22,2,1518.0,1.0
85099B,Seasonal naive (52 weeks),3,validation,2011-08-14,2011-08-29,3,717.0,1889.0
85099B,Seasonal naive (52 weeks),3,validation,2011-08-14,2011-09-05,4,556.0,1313.0
85099B,Seasonal ridge,3,validation,2011-08-14,2011-08-15,1,1356.0,825.2753205184734
85099B,Seasonal ridge,3,validation,2011-08-14,2011-08-22,2,1518.0,762.174095655484
85099B,Seasonal ridge,3,validation,2011-08-14,2011-08-29,3,717.0,879.7962407356838
85099B,Seasonal ridge,3,validation,2011-08-14,2011-09-05,4,556.0,851.6215343113976
85099B,Recent 4-week mean,4,validation,2011-09-11,2011-09-12,1,743.0,1036.75
85099B,Recent 4-week mean,4,validation,2011-09-11,2011-09-19,2,1667.0,1036.75
85099B,Recent 4-week mean,4,validation,2011-09-11,2011-09-26,3,929.0,1036.75
85099B,Recent 4-week mean,4,validation,2011-09-11,2011-10-03,4,2709.0,1036.75
85099B,Seasonal naive (52 weeks),4,validation,2011-09-11,2011-09-12,1,743.0,1118.0
85099B,Seasonal naive (52 weeks),4,validation,2011-09-11,2011-09-19,2,1667.0,1381.0
85099B,Seasonal naive (52 weeks),4,validation,2011-09-11,2011-09-26,3,929.0,1597.0
85099B,Seasonal naive (52 weeks),4,validation,2011-09-11,2011-10-03,4,2709.0,956.0
85099B,Seasonal ridge,4,validation,2011-09-11,2011-09-12,1,743.0,852.6714029062155
85099B,Seasonal ridge,4,validation,2011-09-11,2011-09-19,2,1667.0,907.2373580468203
85099B,Seasonal ridge,4,validation,2011-09-11,2011-09-26,3,929.0,952.9268813370846
85099B,Seasonal ridge,4,validation,2011-09-11,2011-10-03,4,2709.0,1004.0949720678126
85099B,Recent 4-week mean,5,test,2011-10-09,2011-10-10,1,947.0,1512.0
85099B,Recent 4-week mean,5,test,2011-10-09,2011-10-17,2,1045.0,1512.0
85099B,Recent 4-week mean,5,test,2011-10-09,2011-10-24,3,600.0,1512.0
85099B,Recent 4-week mean,5,test,2011-10-09,2011-10-31,4,1063.0,1512.0
85099B,Seasonal naive (52 weeks),5,test,2011-10-09,2011-10-10,1,947.0,1857.0
85099B,Seasonal naive (52 weeks),5,test,2011-10-09,2011-10-17,2,1045.0,783.0
85099B,Seasonal naive (52 weeks),5,test,2011-10-09,2011-10-24,3,600.0,515.0
85099B,Seasonal naive (52 weeks),5,test,2011-10-09,2011-10-31,4,1063.0,793.0
85099B,Seasonal ridge,5,test,2011-10-09,2011-10-10,1,947.0,1386.4472955946949
85099B,Seasonal ridge,5,test,2011-10-09,2011-10-17,2,1045.0,1431.5395890868685
85099B,Seasonal ridge,5,test,2011-10-09,2011-10-24,3,600.0,1506.7682894032014
85099B,Seasonal ridge,5,test,2011-10-09,2011-10-31,4,1063.0,1410.704956693168
85099B,Recent 4-week mean,6,test,2011-11-06,2011-11-07,1,2200.0,913.75
85099B,Recent 4-week mean,6,test,2011-11-06,2011-11-14,2,1602.0,913.75
85099B,Recent 4-week mean,6,test,2011-11-06,2011-11-21,3,753.0,913.75
85099B,Recent 4-week mean,6,test,2011-11-06,2011-11-28,4,1050.0,913.75
85099B,Seasonal naive (52 weeks),6,test,2011-11-06,2011-11-07,1,2200.0,2129.0
85099B,Seasonal naive (52 weeks),6,test,2011-11-06,2011-11-14,2,1602.0,1215.0
85099B,Seasonal naive (52 weeks),6,test,2011-11-06,2011-11-21,3,753.0,1223.0
85099B,Seasonal naive (52 weeks),6,test,2011-11-06,2011-11-28,4,1050.0,1767.0
85099B,Seasonal ridge,6,test,2011-11-06,2011-11-07,1,2200.0,1112.0539263854616
85099B,Seasonal ridge,6,test,2011-11-06,2011-11-14,2,1602.0,1099.7602954732026
85099B,Seasonal ridge,6,test,2011-11-06,2011-11-21,3,753.0,1010.8891348291147
85099B,Seasonal ridge,6,test,2011-11-06,2011-11-28,4,1050.0,834.785331972519
21212,Recent 4-week mean,1,validation,2011-06-19,2011-06-20,1,181.0,516.0
21212,Recent 4-week mean,1,validation,2011-06-19,2011-06-27,2,123.0,516.0
21212,Recent 4-week mean,1,validation,2011-06-19,2011-07-04,3,1112.0,516.0
21212,Recent 4-week mean,1,validation,2011-06-19,2011-07-11,4,253.0,516.0
21212,Seasonal naive (52 weeks),1,validation,2011-06-19,2011-06-20,1,181.0,484.0
21212,Seasonal naive (52 weeks),1,validation,2011-06-19,2011-06-27,2,123.0,1497.0
21212,Seasonal naive (52 weeks),1,validation,2011-06-19,2011-07-04,3,1112.0,1137.0
21212,Seasonal naive (52 weeks),1,validation,2011-06-19,2011-07-11,4,253.0,850.0
21212,Seasonal ridge,1,validation,2011-06-19,2011-06-20,1,181.0,682.4479147961276
21212,Seasonal ridge,1,validation,2011-06-19,2011-06-27,2,123.0,738.3726253150542
21212,Seasonal ridge,1,validation,2011-06-19,2011-07-04,3,1112.0,682.7400871182506
21212,Seasonal ridge,1,validation,2011-06-19,2011-07-11,4,253.0,685.4131705437104
21212,Recent 4-week mean,2,validation,2011-07-17,2011-07-18,1,335.0,417.25
21212,Recent 4-week mean,2,validation,2011-07-17,2011-07-25,2,1083.0,417.25
21212,Recent 4-week mean,2,validation,2011-07-17,2011-08-01,3,445.0,417.25
21212,Recent 4-week mean,2,validation,2011-07-17,2011-08-08,4,335.0,417.25
21212,Seasonal naive (52 weeks),2,validation,2011-07-17,2011-07-18,1,335.0,1481.0
21212,Seasonal naive (52 weeks),2,validation,2011-07-17,2011-07-25,2,1083.0,795.0
21212,Seasonal naive (52 weeks),2,validation,2011-07-17,2011-08-01,3,445.0,330.0
21212,Seasonal naive (52 weeks),2,validation,2011-07-17,2011-08-08,4,335.0,1900.0
21212,Seasonal ridge,2,validation,2011-07-17,2011-07-18,1,335.0,645.0091617777539
21212,Seasonal ridge,2,validation,2011-07-17,2011-07-25,2,1083.0,551.6741737212575
21212,Seasonal ridge,2,validation,2011-07-17,2011-08-01,3,445.0,508.22741257946734
21212,Seasonal ridge,2,validation,2011-07-17,2011-08-08,4,335.0,715.7223745879218
21212,Recent 4-week mean,3,validation,2011-08-14,2011-08-15,1,1650.0,549.5
21212,Recent 4-week mean,3,validation,2011-08-14,2011-08-22,2,508.0,549.5
21212,Recent 4-week mean,3,validation,2011-08-14,2011-08-29,3,459.0,549.5
21212,Recent 4-week mean,3,validation,2011-08-14,2011-09-05,4,712.0,549.5
21212,Seasonal naive (52 weeks),3,validation,2011-08-14,2011-08-15,1,1650.0,1859.0
21212,Seasonal naive (52 weeks),3,validation,2011-08-14,2011-08-22,2,508.0,397.0
21212,Seasonal naive (52 weeks),3,validation,2011-08-14,2011-08-29,3,459.0,1097.0
21212,Seasonal naive (52 weeks),3,validation,2011-08-14,2011-09-05,4,712.0,687.0
21212,Seasonal ridge,3,validation,2011-08-14,2011-08-15,1,1650.0,606.5456102931647
21212,Seasonal ridge,3,validation,2011-08-14,2011-08-22,2,508.0,558.4204261788049
21212,Seasonal ridge,3,validation,2011-08-14,2011-08-29,3,459.0,610.1707037552609
21212,Seasonal ridge,3,validation,2011-08-14,2011-09-05,4,712.0,585.4425604048697
21212,Recent 4-week mean,4,validation,2011-09-11,2011-09-12,1,955.0,832.25
21212,Recent 4-week mean,4,validation,2011-09-11,2011-09-19,2,1028.0,832.25
21212,Recent 4-week mean,4,validation,2011-09-11,2011-09-26,3,359.0,832.25
21212,Recent 4-week mean,4,validation,2011-09-11,2011-10-03,4,477.0,832.25
21212,Seasonal naive (52 weeks),4,validation,2011-09-11,2011-09-12,1,955.0,1006.0
21212,Seasonal naive (52 weeks),4,validation,2011-09-11,2011-09-19,2,1028.0,1064.0
21212,Seasonal naive (52 weeks),4,validation,2011-09-11,2011-09-26,3,359.0,1299.0
21212,Seasonal naive (52 weeks),4,validation,2011-09-11,2011-10-03,4,477.0,2731.0
21212,Seasonal ridge,4,validation,2011-09-11,2011-09-12,1,955.0,654.4965755993859
21212,Seasonal ridge,4,validation,2011-09-11,2011-09-19,2,1028.0,735.3572279902289
21212,Seasonal ridge,4,validation,2011-09-11,2011-09-26,3,359.0,713.0569449743942
21212,Seasonal ridge,4,validation,2011-09-11,2011-10-03,4,477.0,804.5428902053129
21212,Recent 4-week mean,5,test,2011-10-09,2011-10-10,1,499.0,704.75
21212,Recent 4-week mean,5,test,2011-10-09,2011-10-17,2,507.0,704.75
21212,Recent 4-week mean,5,test,2011-10-09,2011-10-24,3,521.0,704.75
21212,Recent 4-week mean,5,test,2011-10-09,2011-10-31,4,1042.0,704.75
21212,Seasonal naive (52 weeks),5,test,2011-10-09,2011-10-10,1,499.0,1561.0
21212,Seasonal naive (52 weeks),5,test,2011-10-09,2011-10-17,2,507.0,1360.0
21212,Seasonal naive (52 weeks),5,test,2011-10-09,2011-10-24,3,521.0,613.0
21212,Seasonal naive (52 weeks),5,test,2011-10-09,2011-10-31,4,1042.0,1097.0
21212,Seasonal ridge,5,test,2011-10-09,2011-10-10,1,499.0,658.9716813468118
21212,Seasonal ridge,5,test,2011-10-09,2011-10-17,2,507.0,660.9224019759386
21212,Seasonal ridge,5,test,2011-10-09,2011-10-24,3,521.0,674.7200007376837
21212,Seasonal ridge,5,test,2011-10-09,2011-10-31,4,1042.0,678.5942043825966
21212,Recent 4-week mean,6,test,2011-11-06,2011-11-07,1,362.0,642.25
21212,Recent 4-week mean,6,test,2011-11-06,2011-11-14,2,590.0,642.25
21212,Recent 4-week mean,6,test,2011-11-06,2011-11-21,3,342.0,642.25
21212,Recent 4-week mean,6,test,2011-11-06,2011-11-28,4,546.0,642.25
21212,Seasonal naive (52 weeks),6,test,2011-11-06,2011-11-07,1,362.0,896.0
21212,Seasonal naive (52 weeks),6,test,2011-11-06,2011-11-14,2,590.0,1687.0
21212,Seasonal naive (52 weeks),6,test,2011-11-06,2011-11-21,3,342.0,1307.0
21212,Seasonal naive (52 weeks),6,test,2011-11-06,2011-11-28,4,546.0,1839.0
21212,Seasonal ridge,6,test,2011-11-06,2011-11-07,1,362.0,657.3179483564052
21212,Seasonal ridge,6,test,2011-11-06,2011-11-14,2,590.0,739.3234778348174
21212,Seasonal ridge,6,test,2011-11-06,2011-11-21,3,342.0,734.5045633505791
21212,Seasonal ridge,6,test,2011-11-06,2011-11-28,4,546.0,766.1304150637405
85123A,Recent 4-week mean,1,validation,2011-06-19,2011-06-20,1,236.0,608.0
85123A,Recent 4-week mean,1,validation,2011-06-19,2011-06-27,2,258.0,608.0
85123A,Recent 4-week mean,1,validation,2011-06-19,2011-07-04,3,258.0,608.0
85123A,Recent 4-week mean,1,validation,2011-06-19,2011-07-11,4,1195.0,608.0
85123A,Seasonal naive (52 weeks),1,validation,2011-06-19,2011-06-20,1,236.0,778.0
85123A,Seasonal naive (52 weeks),1,validation,2011-06-19,2011-06-27,2,258.0,1209.0
85123A,Seasonal naive (52 weeks),1,validation,2011-06-19,2011-07-04,3,258.0,718.0
85123A,Seasonal naive (52 weeks),1,validation,2011-06-19,2011-07-11,4,1195.0,1265.0
85123A,Seasonal ridge,1,validation,2011-06-19,2011-06-20,1,236.0,451.4312845812391
85123A,Seasonal ridge,1,validation,2011-06-19,2011-06-27,2,258.0,484.74431076394296
85123A,Seasonal ridge,1,validation,2011-06-19,2011-07-04,3,258.0,378.76794649534685
85123A,Seasonal ridge,1,validation,2011-06-19,2011-07-11,4,1195.0,454.2614889770708
85123A,Recent 4-week mean,2,validation,2011-07-17,2011-07-18,1,719.0,486.75
85123A,Recent 4-week mean,2,validation,2011-07-17,2011-07-25,2,780.0,486.75
85123A,Recent 4-week mean,2,validation,2011-07-17,2011-08-01,3,441.0,486.75
85123A,Recent 4-week mean,2,validation,2011-07-17,2011-08-08,4,466.0,486.75
85123A,Seasonal naive (52 weeks),2,validation,2011-07-17,2011-07-18,1,719.0,1159.0
85123A,Seasonal naive (52 weeks),2,validation,2011-07-17,2011-07-25,2,780.0,589.0
85123A,Seasonal naive (52 weeks),2,validation,2011-07-17,2011-08-01,3,441.0,547.0
85123A,Seasonal naive (52 weeks),2,validation,2011-07-17,2011-08-08,4,466.0,1218.0
85123A,Seasonal ridge,2,validation,2011-07-17,2011-07-18,1,719.0,534.1998117566648
85123A,Seasonal ridge,2,validation,2011-07-17,2011-07-25,2,780.0,521.7299473495818
85123A,Seasonal ridge,2,validation,2011-07-17,2011-08-01,3,441.0,597.7470158391935
85123A,Seasonal ridge,2,validation,2011-07-17,2011-08-08,4,466.0,783.9218121236052
85123A,Recent 4-week mean,3,validation,2011-08-14,2011-08-15,1,296.0,601.5
85123A,Recent 4-week mean,3,validation,2011-08-14,2011-08-22,2,772.0,601.5
85123A,Recent 4-week mean,3,validation,2011-08-14,2011-08-29,3,394.0,601.5
85123A,Recent 4-week mean,3,validation,2011-08-14,2011-09-05,4,440.0,601.5
85123A,Seasonal naive (52 weeks),3,validation,2011-08-14,2011-08-15,1,296.0,1686.0
85123A,Seasonal naive (52 weeks),3,validation,2011-08-14,2011-08-22,2,772.0,1118.0
85123A,Seasonal naive (52 weeks),3,validation,2011-08-14,2011-08-29,3,394.0,867.0
85123A,Seasonal naive (52 weeks),3,validation,2011-08-14,2011-09-05,4,440.0,914.0
85123A,Seasonal ridge,3,validation,2011-08-14,2011-08-15,1,296.0,964.5142729362625
85123A,Seasonal ridge,3,validation,2011-08-14,2011-08-22,2,772.0,907.9977628234152
85123A,Seasonal ridge,3,validation,2011-08-14,2011-08-29,3,394.0,888.6181152589072
85123A,Seasonal ridge,3,validation,2011-08-14,2011-09-05,4,440.0,840.8636369767132
85123A,Recent 4-week mean,4,validation,2011-09-11,2011-09-12,1,658.0,475.5
85123A,Recent 4-week mean,4,validation,2011-09-11,2011-09-19,2,705.0,475.5
85123A,Recent 4-week mean,4,validation,2011-09-11,2011-09-26,3,402.0,475.5
85123A,Recent 4-week mean,4,validation,2011-09-11,2011-10-03,4,165.0,475.5
85123A,Seasonal naive (52 weeks),4,validation,2011-09-11,2011-09-12,1,658.0,1048.0
85123A,Seasonal naive (52 weeks),4,validation,2011-09-11,2011-09-19,2,705.0,1085.0
85123A,Seasonal naive (52 weeks),4,validation,2011-09-11,2011-09-26,3,402.0,900.0
85123A,Seasonal naive (52 weeks),4,validation,2011-09-11,2011-10-03,4,165.0,992.0
85123A,Seasonal ridge,4,validation,2011-09-11,2011-09-12,1,658.0,574.4045756295699
85123A,Seasonal ridge,4,validation,2011-09-11,2011-09-19,2,705.0,478.83774331614603
85123A,Seasonal ridge,4,validation,2011-09-11,2011-09-26,3,402.0,408.2956272115469
85123A,Seasonal ridge,4,validation,2011-09-11,2011-10-03,4,165.0,344.1255926308571
85123A,Recent 4-week mean,5,test,2011-10-09,2011-10-10,1,679.0,482.5
85123A,Recent 4-week mean,5,test,2011-10-09,2011-10-17,2,231.0,482.5
85123A,Recent 4-week mean,5,test,2011-10-09,2011-10-24,3,444.0,482.5
85123A,Recent 4-week mean,5,test,2011-10-09,2011-10-31,4,1704.0,482.5
85123A,Seasonal naive (52 weeks),5,test,2011-10-09,2011-10-10,1,679.0,999.0
85123A,Seasonal naive (52 weeks),5,test,2011-10-09,2011-10-17,2,231.0,792.0
85123A,Seasonal naive (52 weeks),5,test,2011-10-09,2011-10-24,3,444.0,1462.0
85123A,Seasonal naive (52 weeks),5,test,2011-10-09,2011-10-31,4,1704.0,1367.0
85123A,Seasonal ridge,5,test,2011-10-09,2011-10-10,1,679.0,303.3788181954577
85123A,Seasonal ridge,5,test,2011-10-09,2011-10-17,2,231.0,273.7557141904568
85123A,Seasonal ridge,5,test,2011-10-09,2011-10-24,3,444.0,400.9495825460748
85123A,Seasonal ridge,5,test,2011-10-09,2011-10-31,4,1704.0,415.91192855977476
85123A,Recent 4-week mean,6,test,2011-11-06,2011-11-07,1,575.0,764.5
85123A,Recent 4-week mean,6,test,2011-11-06,2011-11-14,2,1322.0,764.5
85123A,Recent 4-week mean,6,test,2011-11-06,2011-11-21,3,898.0,764.5
85123A,Recent 4-week mean,6,test,2011-11-06,2011-11-28,4,726.0,764.5
85123A,Seasonal naive (52 weeks),6,test,2011-11-06,2011-11-07,1,575.0,1610.0
85123A,Seasonal naive (52 weeks),6,test,2011-11-06,2011-11-14,2,1322.0,863.0
85123A,Seasonal naive (52 weeks),6,test,2011-11-06,2011-11-21,3,898.0,2115.0
85123A,Seasonal naive (52 weeks),6,test,2011-11-06,2011-11-28,4,726.0,1573.0
85123A,Seasonal ridge,6,test,2011-11-06,2011-11-07,1,575.0,697.479189275139
85123A,Seasonal ridge,6,test,2011-11-06,2011-11-14,2,1322.0,693.3482000934412
85123A,Seasonal ridge,6,test,2011-11-06,2011-11-21,3,898.0,941.9899154960215
85123A,Seasonal ridge,6,test,2011-11-06,2011-11-28,4,726.0,917.4206135740517
22197,Recent 4-week mean,1,validation,2011-06-19,2011-06-20,1,345.0,1485.5
22197,Recent 4-week mean,1,validation,2011-06-19,2011-06-27,2,430.0,1485.5
22197,Recent 4-week mean,1,validation,2011-06-19,2011-07-04,3,636.0,1485.5
22197,Recent 4-week mean,1,validation,2011-06-19,2011-07-11,4,157.0,1485.5
22197,Seasonal naive (52 weeks),1,validation,2011-06-19,2011-06-20,1,345.0,168.0
22197,Seasonal naive (52 weeks),1,validation,2011-06-19,2011-06-27,2,430.0,365.0
22197,Seasonal naive (52 weeks),1,validation,2011-06-19,2011-07-04,3,636.0,278.0
22197,Seasonal naive (52 weeks),1,validation,2011-06-19,2011-07-11,4,157.0,766.0
22197,Seasonal ridge,1,validation,2011-06-19,2011-06-20,1,345.0,1022.738978370584
22197,Seasonal ridge,1,validation,2011-06-19,2011-06-27,2,430.0,1388.7687047535228
22197,Seasonal ridge,1,validation,2011-06-19,2011-07-04,3,636.0,1288.451057899311
22197,Seasonal ridge,1,validation,2011-06-19,2011-07-11,4,157.0,1221.8538130873853
22197,Recent 4-week mean,2,validation,2011-07-17,2011-07-18,1,621.0,392.0
22197,Recent 4-week mean,2,validation,2011-07-17,2011-07-25,2,436.0,392.0
22197,Recent 4-week mean,2,validation,2011-07-17,2011-08-01,3,2178.0,392.0
22197,Recent 4-week mean,2,validation,2011-07-17,2011-08-08,4,1735.0,392.0
22197,Seasonal naive (52 weeks),2,validation,2011-07-17,2011-07-18,1,621.0,691.0
22197,Seasonal naive (52 weeks),2,validation,2011-07-17,2011-07-25,2,436.0,265.0
22197,Seasonal naive (52 weeks),2,validation,2011-07-17,2011-08-01,3,2178.0,95.0
22197,Seasonal naive (52 weeks),2,validation,2011-07-17,2011-08-08,4,1735.0,552.0
22197,Seasonal ridge,2,validation,2011-07-17,2011-07-18,1,621.0,330.66188923986687
22197,Seasonal ridge,2,validation,2011-07-17,2011-07-25,2,436.0,177.5730871601604
22197,Seasonal ridge,2,validation,2011-07-17,2011-08-01,3,2178.0,81.03104040787912
22197,Seasonal ridge,2,validation,2011-07-17,2011-08-08,4,1735.0,143.11974794873072
22197,Recent 4-week mean,3,validation,2011-08-14,2011-08-15,1,518.0,1242.5
22197,Recent 4-week mean,3,validation,2011-08-14,2011-08-22,2,826.0,1242.5
22197,Recent 4-week mean,3,validation,2011-08-14,2011-08-29,3,956.0,1242.5
22197,Recent 4-week mean,3,validation,2011-08-14,2011-09-05,4,516.0,1242.5
22197,Seasonal naive (52 weeks),3,validation,2011-08-14,2011-08-15,1,518.0,1025.0
22197,Seasonal naive (52 weeks),3,validation,2011-08-14,2011-08-22,2,826.0,880.0
22197,Seasonal naive (52 weeks),3,validation,2011-08-14,2011-08-29,3,956.0,135.0
22197,Seasonal naive (52 weeks),3,validation,2011-08-14,2011-09-05,4,516.0,270.0
22197,Seasonal ridge,3,validation,2011-08-14,2011-08-15,1,518.0,1209.747018639916
22197,Seasonal ridge,3,validation,2011-08-14,2011-08-22,2,826.0,1194.391452029892
22197,Seasonal ridge,3,validation,2011-08-14,2011-08-29,3,956.0,1195.4118707036107
22197,Seasonal ridge,3,validation,2011-08-14,2011-09-05,4,516.0,1319.5030111874416
22197,Recent 4-week mean,4,validation,2011-09-11,2011-09-12,1,570.0,704.0
22197,Recent 4-week mean,4,validation,2011-09-11,2011-09-19,2,682.0,704.0
22197,Recent 4-week mean,4,validation,2011-09-11,2011-09-26,3,1675.0,704.0
22197,Recent 4-week mean,4,validation,2011-09-11,2011-10-03,4,835.0,704.0
22197,Seasonal naive (52 weeks),4,validation,2011-09-11,2011-09-12,1,570.0,534.0
22197,Seasonal naive (52 weeks),4,validation,2011-09-11,2011-09-19,2,682.0,1709.0
22197,Seasonal naive (52 weeks),4,validation,2011-09-11,2011-09-26,3,1675.0,296.0
22197,Seasonal naive (52 weeks),4,validation,2011-09-11,2011-10-03,4,835.0,919.0
22197,Seasonal ridge,4,validation,2011-09-11,2011-09-12,1,570.0,983.0863043418384
22197,Seasonal ridge,4,validation,2011-09-11,2011-09-19,2,682.0,1064.9935788922771
22197,Seasonal ridge,4,validation,2011-09-11,2011-09-26,3,1675.0,1066.6064135148865
22197,Seasonal ridge,4,validation,2011-09-11,2011-10-03,4,835.0,1080.6817711180702
22197,Recent 4-week mean,5,test,2011-10-09,2011-10-10,1,884.0,940.5
22197,Recent 4-week mean,5,test,2011-10-09,2011-10-17,2,1164.0,940.5
22197,Recent 4-week mean,5,test,2011-10-09,2011-10-24,3,2775.0,940.5
22197,Recent 4-week mean,5,test,2011-10-09,2011-10-31,4,1156.0,940.5
22197,Seasonal naive (52 weeks),5,test,2011-10-09,2011-10-10,1,884.0,345.0
22197,Seasonal naive (52 weeks),5,test,2011-10-09,2011-10-17,2,1164.0,1239.0
22197,Seasonal naive (52 weeks),5,test,2011-10-09,2011-10-24,3,2775.0,2582.0
22197,Seasonal naive (52 weeks),5,test,2011-10-09,2011-10-31,4,1156.0,926.0
22197,Seasonal ridge,5,test,2011-10-09,2011-10-10,1,884.0,1008.7492807627821
22197,Seasonal ridge,5,test,2011-10-09,2011-10-17,2,1164.0,932.3392913751683
22197,Seasonal ridge,5,test,2011-10-09,2011-10-24,3,2775.0,786.8351672935571
22197,Seasonal ridge,5,test,2011-10-09,2011-10-31,4,1156.0,932.5108077704274
22197,Recent 4-week mean,6,test,2011-11-06,2011-11-07,1,3900.0,1494.75
22197,Recent 4-week mean,6,test,2011-11-06,2011-11-14,2,3145.0,1494.75
22197,Recent 4-week mean,6,test,2011-11-06,2011-11-21,3,2955.0,1494.75
22197,Recent 4-week mean,6,test,2011-11-06,2011-11-28,4,3275.0,1494.75
22197,Seasonal naive (52 weeks),6,test,2011-11-06,2011-11-07,1,3900.0,4115.0
22197,Seasonal naive (52 weeks),6,test,2011-11-06,2011-11-14,2,3145.0,1746.0
22197,Seasonal naive (52 weeks),6,test,2011-11-06,2011-11-21,3,2955.0,2207.0
22197,Seasonal naive (52 weeks),6,test,2011-11-06,2011-11-28,4,3275.0,683.0
22197,Seasonal ridge,6,test,2011-11-06,2011-11-07,1,3900.0,1856.554414177443
22197,Seasonal ridge,6,test,2011-11-06,2011-11-14,2,3145.0,1373.1227273897366
22197,Seasonal ridge,6,test,2011-11-06,2011-11-21,3,2955.0,1364.9201034747625
22197,Seasonal ridge,6,test,2011-11-06,2011-11-28,4,3275.0,1088.5550902245482
84879,Recent 4-week mean,1,validation,2011-06-19,2011-06-20,1,270.0,421.75
84879,Recent 4-week mean,1,validation,2011-06-19,2011-06-27,2,292.0,421.75
84879,Recent 4-week mean,1,validation,2011-06-19,2011-07-04,3,460.0,421.75
84879,Recent 4-week mean,1,validation,2011-06-19,2011-07-11,4,372.0,421.75
84879,Seasonal naive (52 weeks),1,validation,2011-06-19,2011-06-20,1,270.0,252.0
84879,Seasonal naive (52 weeks),1,validation,2011-06-19,2011-06-27,2,292.0,692.0
84879,Seasonal naive (52 weeks),1,validation,2011-06-19,2011-07-04,3,460.0,874.0
84879,Seasonal naive (52 weeks),1,validation,2011-06-19,2011-07-11,4,372.0,400.0
84879,Seasonal ridge,1,validation,2011-06-19,2011-06-20,1,270.0,374.1243103840607
84879,Seasonal ridge,1,validation,2011-06-19,2011-06-27,2,292.0,424.7070539603136
84879,Seasonal ridge,1,validation,2011-06-19,2011-07-04,3,460.0,441.17504118403224
84879,Seasonal ridge,1,validation,2011-06-19,2011-07-11,4,372.0,354.9730484840404
84879,Recent 4-week mean,2,validation,2011-07-17,2011-07-18,1,519.0,348.5
84879,Recent 4-week mean,2,validation,2011-07-17,2011-07-25,2,478.0,348.5
84879,Recent 4-week mean,2,validation,2011-07-17,2011-08-01,3,3800.0,348.5
84879,Recent 4-week mean,2,validation,2011-07-17,2011-08-08,4,1323.0,348.5
84879,Seasonal naive (52 weeks),2,validation,2011-07-17,2011-07-18,1,519.0,1043.0
84879,Seasonal naive (52 weeks),2,validation,2011-07-17,2011-07-25,2,478.0,621.0
84879,Seasonal naive (52 weeks),2,validation,2011-07-17,2011-08-01,3,3800.0,648.0
84879,Seasonal naive (52 weeks),2,validation,2011-07-17,2011-08-08,4,1323.0,758.0
84879,Seasonal ridge,2,validation,2011-07-17,2011-07-18,1,519.0,443.1927604199668
84879,Seasonal ridge,2,validation,2011-07-17,2011-07-25,2,478.0,384.02226878333283
84879,Seasonal ridge,2,validation,2011-07-17,2011-08-01,3,3800.0,406.1297711330087
84879,Seasonal ridge,2,validation,2011-07-17,2011-08-08,4,1323.0,444.7279760809973
84879,Recent 4-week mean,3,validation,2011-08-14,2011-08-15,1,556.0,1530.0
84879,Recent 4-week mean,3,validation,2011-08-14,2011-08-22,2,850.0,1530.0
84879,Recent 4-week mean,3,validation,2011-08-14,2011-08-29,3,216.0,1530.0
84879,Recent 4-week mean,3,validation,2011-08-14,2011-09-05,4,488.0,1530.0
84879,Seasonal naive (52 weeks),3,validation,2011-08-14,2011-08-15,1,556.0,664.0
84879,Seasonal naive (52 weeks),3,validation,2011-08-14,2011-08-22,2,850.0,1000.0
84879,Seasonal naive (52 weeks),3,validation,2011-08-14,2011-08-29,3,216.0,963.0
84879,Seasonal naive (52 weeks),3,validation,2011-08-14,2011-09-05,4,488.0,387.0
84879,Seasonal ridge,3,validation,2011-08-14,2011-08-15,1,556.0,1679.818242346702
84879,Seasonal ridge,3,validation,2011-08-14,2011-08-22,2,850.0,1816.6533117993934
84879,Seasonal ridge,3,validation,2011-08-14,2011-08-29,3,216.0,1868.0099225289528
84879,Seasonal ridge,3,validation,2011-08-14,2011-09-05,4,488.0,1698.2175278301806
84879,Recent 4-week mean,4,validation,2011-09-11,2011-09-12,1,908.0,527.5
84879,Recent 4-week mean,4,validation,2011-09-11,2011-09-19,2,701.0,527.5
84879,Recent 4-week mean,4,validation,2011-09-11,2011-09-26,3,799.0,527.5
84879,Recent 4-week mean,4,validation,2011-09-11,2011-10-03,4,589.0,527.5
84879,Seasonal naive (52 weeks),4,validation,2011-09-11,2011-09-12,1,908.0,619.0
84879,Seasonal naive (52 weeks),4,validation,2011-09-11,2011-09-19,2,701.0,1792.0
84879,Seasonal naive (52 weeks),4,validation,2011-09-11,2011-09-26,3,799.0,773.0
84879,Seasonal naive (52 weeks),4,validation,2011-09-11,2011-10-03,4,589.0,753.0
84879,Seasonal ridge,4,validation,2011-09-11,2011-09-12,1,908.0,699.8418463728784
84879,Seasonal ridge,4,validation,2011-09-11,2011-09-19,2,701.0,778.469916287688
84879,Seasonal ridge,4,validation,2011-09-11,2011-09-26,3,799.0,564.4270475041549
84879,Seasonal ridge,4,validation,2011-09-11,2011-10-03,4,589.0,464.6927706631276
84879,Recent 4-week mean,5,test,2011-10-09,2011-10-10,1,420.0,749.25
84879,Recent 4-week mean,5,test,2011-10-09,2011-10-17,2,829.0,749.25
84879,Recent 4-week mean,5,test,2011-10-09,2011-10-24,3,778.0,749.25
84879,Recent 4-week mean,5,test,2011-10-09,2011-10-31,4,968.0,749.25
84879,Seasonal naive (52 weeks),5,test,2011-10-09,2011-10-10,1,420.0,2277.0
84879,Seasonal naive (52 weeks),5,test,2011-10-09,2011-10-17,2,829.0,1736.0
84879,Seasonal naive (52 weeks),5,test,2011-10-09,2011-10-24,3,778.0,1039.0
84879,Seasonal naive (52 weeks),5,test,2011-10-09,2011-10-31,4,968.0,992.0
84879,Seasonal ridge,5,test,2011-10-09,2011-10-10,1,420.0,667.8037005275502
84879,Seasonal ridge,5,test,2011-10-09,2011-10-17,2,829.0,619.2104627105866
84879,Seasonal ridge,5,test,2011-10-09,2011-10-24,3,778.0,558.4192099544022
84879,Seasonal ridge,5,test,2011-10-09,2011-10-31,4,968.0,590.9157256551983
84879,Recent 4-week mean,6,test,2011-11-06,2011-11-07,1,1748.0,748.75
84879,Recent 4-week mean,6,test,2011-11-06,2011-11-14,2,1326.0,748.75
84879,Recent 4-week mean,6,test,2011-11-06,2011-11-21,3,1037.0,748.75
84879,Recent 4-week mean,6,test,2011-11-06,2011-11-28,4,953.0,748.75
84879,Seasonal naive (52 weeks),6,test,2011-11-06,2011-11-07,1,1748.0,5584.0
84879,Seasonal naive (52 weeks),6,test,2011-11-06,2011-11-14,2,1326.0,1476.0
84879,Seasonal naive (52 weeks),6,test,2011-11-06,2011-11-21,3,1037.0,947.0
84879,Seasonal naive (52 weeks),6,test,2011-11-06,2011-11-28,4,953.0,1192.0
84879,Seasonal ridge,6,test,2011-11-06,2011-11-07,1,1748.0,1047.9414920675304
84879,Seasonal ridge,6,test,2011-11-06,2011-11-14,2,1326.0,849.9390589595205
84879,Seasonal ridge,6,test,2011-11-06,2011-11-21,3,1037.0,842.1380351674347
84879,Seasonal ridge,6,test,2011-11-06,2011-11-28,4,953.0,877.8635257553618
23166,Recent 4-week mean,1,validation,2011-06-19,2011-06-20,1,54.0,138.0
23166,Recent 4-week mean,1,validation,2011-06-19,2011-06-27,2,7.0,138.0
23166,Recent 4-week mean,1,validation,2011-06-19,2011-07-04,3,82.0,138.0
23166,Recent 4-week mean,1,validation,2011-06-19,2011-07-11,4,94.0,138.0
23166,Seasonal naive (52 weeks),1,validation,2011-06-19,2011-06-20,1,54.0,0.0
23166,Seasonal naive (52 weeks),1,validation,2011-06-19,2011-06-27,2,7.0,0.0
23166,Seasonal naive (52 weeks),1,validation,2011-06-19,2011-07-04,3,82.0,0.0
23166,Seasonal naive (52 weeks),1,validation,2011-06-19,2011-07-11,4,94.0,0.0
23166,Seasonal ridge,1,validation,2011-06-19,2011-06-20,1,54.0,0.0
23166,Seasonal ridge,1,validation,2011-06-19,2011-06-27,2,7.0,0.0
23166,Seasonal ridge,1,validation,2011-06-19,2011-07-04,3,82.0,0.0
23166,Seasonal ridge,1,validation,2011-06-19,2011-07-11,4,94.0,0.0
23166,Recent 4-week mean,2,validation,2011-07-17,2011-07-18,1,193.0,59.25
23166,Recent 4-week mean,2,validation,2011-07-17,2011-07-25,2,362.0,59.25
23166,Recent 4-week mean,2,validation,2011-07-17,2011-08-01,3,128.0,59.25
23166,Recent 4-week mean,2,validation,2011-07-17,2011-08-08,4,59.0,59.25
23166,Seasonal naive (52 weeks),2,validation,2011-07-17,2011-07-18,1,193.0,0.0
23166,Seasonal naive (52 weeks),2,validation,2011-07-17,2011-07-25,2,362.0,0.0
23166,Seasonal naive (52 weeks),2,validation,2011-07-17,2011-08-01,3,128.0,0.0
23166,Seasonal naive (52 weeks),2,validation,2011-07-17,2011-08-08,4,59.0,0.0
23166,Seasonal ridge,2,validation,2011-07-17,2011-07-18,1,193.0,0.0
23166,Seasonal ridge,2,validation,2011-07-17,2011-07-25,2,362.0,0.0
23166,Seasonal ridge,2,validation,2011-07-17,2011-08-01,3,128.0,141.84610370198516
23166,Seasonal ridge,2,validation,2011-07-17,2011-08-08,4,59.0,1256.1978894843662
23166,Recent 4-week mean,3,validation,2011-08-14,2011-08-15,1,141.0,185.5
23166,Recent 4-week mean,3,validation,2011-08-14,2011-08-22,2,82.0,185.5
23166,Recent 4-week mean,3,validation,2011-08-14,2011-08-29,3,24.0,185.5
23166,Recent 4-week mean,3,validation,2011-08-14,2011-09-05,4,129.0,185.5
23166,Seasonal naive (52 weeks),3,validation,2011-08-14,2011-08-15,1,141.0,0.0
23166,Seasonal naive (52 weeks),3,validation,2011-08-14,2011-08-22,2,82.0,0.0
23166,Seasonal naive (52 weeks),3,validation,2011-08-14,2011-08-29,3,24.0,0.0
23166,Seasonal naive (52 weeks),3,validation,2011-08-14,2011-09-05,4,129.0,0.0
23166,Seasonal ridge,3,validation,2011-08-14,2011-08-15,1,141.0,2946.3661068268625
23166,Seasonal ridge,3,validation,2011-08-14,2011-08-22,2,82.0,3643.2388745680637
23166,Seasonal ridge,3,validation,2011-08-14,2011-08-29,3,24.0,4095.0041996554896
23166,Seasonal ridge,3,validation,2011-08-14,2011-09-05,4,129.0,4024.3676694541155
23166,Recent 4-week mean,4,validation,2011-09-11,2011-09-12,1,39.0,94.0
23166,Recent 4-week mean,4,validation,2011-09-11,2011-09-19,2,92.0,94.0
23166,Recent 4-week mean,4,validation,2011-09-11,2011-09-26,3,79.0,94.0
23166,Recent 4-week mean,4,validation,2011-09-11,2011-10-03,4,42.0,94.0
23166,Seasonal naive (52 weeks),4,validation,2011-09-11,2011-09-12,1,39.0,0.0
23166,Seasonal naive (52 weeks),4,validation,2011-09-11,2011-09-19,2,92.0,0.0
23166,Seasonal naive (52 weeks),4,validation,2011-09-11,2011-09-26,3,79.0,0.0
23166,Seasonal naive (52 weeks),4,validation,2011-09-11,2011-10-03,4,42.0,0.0
23166,Seasonal ridge,4,validation,2011-09-11,2011-09-12,1,39.0,1812.8392612030764
23166,Seasonal ridge,4,validation,2011-09-11,2011-09-19,2,92.0,768.1251913899316
23166,Seasonal ridge,4,validation,2011-09-11,2011-09-26,3,79.0,0.0
23166,Seasonal ridge,4,validation,2011-09-11,2011-10-03,4,42.0,0.0
23166,Recent 4-week mean,5,test,2011-10-09,2011-10-10,1,82.0,63.0
23166,Recent 4-week mean,5,test,2011-10-09,2011-10-17,2,57.0,63.0
23166,Recent 4-week mean,5,test,2011-10-09,2011-10-24,3,63.0,63.0
23166,Recent 4-week mean,5,test,2011-10-09,2011-10-31,4,33.0,63.0
23166,Seasonal naive (52 weeks),5,test,2011-10-09,2011-10-10,1,82.0,0.0
23166,Seasonal naive (52 weeks),5,test,2011-10-09,2011-10-17,2,57.0,0.0
23166,Seasonal naive (52 weeks),5,test,2011-10-09,2011-10-24,3,63.0,0.0
23166,Seasonal naive (52 weeks),5,test,2011-10-09,2011-10-31,4,33.0,0.0
23166,Seasonal ridge,5,test,2011-10-09,2011-10-10,1,82.0,0.0
23166,Seasonal ridge,5,test,2011-10-09,2011-10-17,2,57.0,0.0
23166,Seasonal ridge,5,test,2011-10-09,2011-10-24,3,63.0,0.0
23166,Seasonal ridge,5,test,2011-10-09,2011-10-31,4,33.0,0.0
23166,Recent 4-week mean,6,test,2011-11-06,2011-11-07,1,85.0,58.75
23166,Recent 4-week mean,6,test,2011-11-06,2011-11-14,2,36.0,58.75
23166,Recent 4-week mean,6,test,2011-11-06,2011-11-21,3,422.0,58.75
23166,Recent 4-week mean,6,test,2011-11-06,2011-11-28,4,119.0,58.75
23166,Seasonal naive (52 weeks),6,test,2011-11-06,2011-11-07,1,85.0,0.0
23166,Seasonal naive (52 weeks),6,test,2011-11-06,2011-11-14,2,36.0,0.0
23166,Seasonal naive (52 weeks),6,test,2011-11-06,2011-11-21,3,422.0,0.0
23166,Seasonal naive (52 weeks),6,test,2011-11-06,2011-11-28,4,119.0,0.0
23166,Seasonal ridge,6,test,2011-11-06,2011-11-07,1,85.0,0.0
23166,Seasonal ridge,6,test,2011-11-06,2011-11-14,2,36.0,0.0
23166,Seasonal ridge,6,test,2011-11-06,2011-11-21,3,422.0,0.0
23166,Seasonal ridge,6,test,2011-11-06,2011-11-28,4,119.0,0.0
17003,Recent 4-week mean,1,validation,2011-06-19,2011-06-20,1,864.0,725.75
17003,Recent 4-week mean,1,validation,2011-06-19,2011-06-27,2,88.0,725.75
17003,Recent 4-week mean,1,validation,2011-06-19,2011-07-04,3,318.0,725.75
17003,Recent 4-week mean,1,validation,2011-06-19,2011-07-11,4,1012.0,725.75
17003,Seasonal naive (52 weeks),1,validation,2011-06-19,2011-06-20,1,864.0,987.0
17003,Seasonal naive (52 weeks),1,validation,2011-06-19,2011-06-27,2,88.0,758.0
17003,Seasonal naive (52 weeks),1,validation,2011-06-19,2011-07-04,3,318.0,194.0
17003,Seasonal naive (52 weeks),1,validation,2011-06-19,2011-07-11,4,1012.0,6.0
17003,Seasonal ridge,1,validation,2011-06-19,2011-06-20,1,864.0,776.9096666949363
17003,Seasonal ridge,1,validation,2011-06-19,2011-06-27,2,88.0,803.7795104858448
17003,Seasonal ridge,1,validation,2011-06-19,2011-07-04,3,318.0,747.9836747690932
17003,Seasonal ridge,1,validation,2011-06-19,2011-07-11,4,1012.0,749.8530945507298
17003,Recent 4-week mean,2,validation,2011-07-17,2011-07-18,1,289.0,570.5
17003,Recent 4-week mean,2,validation,2011-07-17,2011-07-25,2,149.0,570.5
17003,Recent 4-week mean,2,validation,2011-07-17,2011-08-01,3,146.0,570.5
17003,Recent 4-week mean,2,validation,2011-07-17,2011-08-08,4,144.0,570.5
17003,Seasonal naive (52 weeks),2,validation,2011-07-17,2011-07-18,1,289.0,775.0
17003,Seasonal naive (52 weeks),2,validation,2011-07-17,2011-07-25,2,149.0,180.0
17003,Seasonal naive (52 weeks),2,validation,2011-07-17,2011-08-01,3,146.0,216.0
17003,Seasonal naive (52 weeks),2,validation,2011-07-17,2011-08-08,4,144.0,36.0
17003,Seasonal ridge,2,validation,2011-07-17,2011-07-18,1,289.0,652.2753639181949
17003,Seasonal ridge,2,validation,2011-07-17,2011-07-25,2,149.0,602.1037671756492
17003,Seasonal ridge,2,validation,2011-07-17,2011-08-01,3,146.0,525.9053209236496
17003,Seasonal ridge,2,validation,2011-07-17,2011-08-08,4,144.0,463.4904364288258
17003,Recent 4-week mean,3,validation,2011-08-14,2011-08-15,1,78.0,182.0
17003,Recent 4-week mean,3,validation,2011-08-14,2011-08-22,2,940.0,182.0
17003,Recent 4-week mean,3,validation,2011-08-14,2011-08-29,3,291.0,182.0
17003,Recent 4-week mean,3,validation,2011-08-14,2011-09-05,4,180.0,182.0
17003,Seasonal naive (52 weeks),3,validation,2011-08-14,2011-08-15,1,78.0,828.0
17003,Seasonal naive (52 weeks),3,validation,2011-08-14,2011-08-22,2,940.0,864.0
17003,Seasonal naive (52 weeks),3,validation,2011-08-14,2011-08-29,3,291.0,11210.0
17003,Seasonal naive (52 weeks),3,validation,2011-08-14,2011-09-05,4,180.0,1590.0
17003,Seasonal ridge,3,validation,2011-08-14,2011-08-15,1,78.0,282.3503800162784
17003,Seasonal ridge,3,validation,2011-08-14,2011-08-22,2,940.0,259.5729058900423
17003,Seasonal ridge,3,validation,2011-08-14,2011-08-29,3,291.0,862.6994150554208
17003,Seasonal ridge,3,validation,2011-08-14,2011-09-05,4,180.0,252.61415100010242
17003,Recent 4-week mean,4,validation,2011-09-11,2011-09-12,1,109.0,372.25
17003,Recent 4-week mean,4,validation,2011-09-11,2011-09-19,2,857.0,372.25
17003,Recent 4-week mean,4,validation,2011-09-11,2011-09-26,3,931.0,372.25
17003,Recent 4-week mean,4,validation,2011-09-11,2011-10-03,4,376.0,372.25
17003,Seasonal naive (52 weeks),4,validation,2011-09-11,2011-09-12,1,109.0,74.0
17003,Seasonal naive (52 weeks),4,validation,2011-09-11,2011-09-19,2,857.0,922.0
17003,Seasonal naive (52 weeks),4,validation,2011-09-11,2011-09-26,3,931.0,149.0
17003,Seasonal naive (52 weeks),4,validation,2011-09-11,2011-10-03,4,376.0,5632.0
17003,Seasonal ridge,4,validation,2011-09-11,2011-09-12,1,109.0,344.7568909815821
17003,Seasonal ridge,4,validation,2011-09-11,2011-09-19,2,857.0,378.5084533081754
17003,Seasonal ridge,4,validation,2011-09-11,2011-09-26,3,931.0,480.0887211498464
17003,Seasonal ridge,4,validation,2011-09-11,2011-10-03,4,376.0,540.8609254295357
17003,Recent 4-week mean,5,test,2011-10-09,2011-10-10,1,72.0,568.25
17003,Recent 4-week mean,5,test,2011-10-09,2011-10-17,2,204.0,568.25
17003,Recent 4-week mean,5,test,2011-10-09,2011-10-24,3,1684.0,568.25
17003,Recent 4-week mean,5,test,2011-10-09,2011-10-31,4,100.0,568.25
17003,Seasonal naive (52 weeks),5,test,2011-10-09,2011-10-10,1,72.0,925.0
17003,Seasonal naive (52 weeks),5,test,2011-10-09,2011-10-17,2,204.0,158.0
17003,Seasonal naive (52 weeks),5,test,2011-10-09,2011-10-24,3,1684.0,36.0
17003,Seasonal naive (52 weeks),5,test,2011-10-09,2011-10-31,4,100.0,6816.0
17003,Seasonal ridge,5,test,2011-10-09,2011-10-10,1,72.0,622.0171306564042
17003,Seasonal ridge,5,test,2011-10-09,2011-10-17,2,204.0,603.0098533806674
17003,Seasonal ridge,5,test,2011-10-09,2011-10-24,3,1684.0,629.0117155234414
17003,Seasonal ridge,5,test,2011-10-09,2011-10-31,4,100.0,597.056171451394
17003,Recent 4-week mean,6,test,2011-11-06,2011-11-07,1,109.0,515.0
17003,Recent 4-week mean,6,test,2011-11-06,2011-11-14,2,315.0,515.0
17003,Recent 4-week mean,6,test,2011-11-06,2011-11-21,3,474.0,515.0
17003,Recent 4-week mean,6,test,2011-11-06,2011-11-28,4,130.0,515.0
17003,Seasonal naive (52 weeks),6,test,2011-11-06,2011-11-07,1,109.0,548.0
17003,Seasonal naive (52 weeks),6,test,2011-11-06,2011-11-14,2,315.0,1522.0
17003,Seasonal naive (52 weeks),6,test,2011-11-06,2011-11-21,3,474.0,1757.0
17003,Seasonal naive (52 weeks),6,test,2011-11-06,2011-11-28,4,130.0,798.0
17003,Seasonal ridge,6,test,2011-11-06,2011-11-07,1,109.0,592.2739251657246
17003,Seasonal ridge,6,test,2011-11-06,2011-11-14,2,315.0,459.56438931567993
17003,Seasonal ridge,6,test,2011-11-06,2011-11-21,3,474.0,376.1925305357132
17003,Seasonal ridge,6,test,2011-11-06,2011-11-28,4,130.0,485.2864774433507
