series_id,model,split,mae,wape,bias,selected
ALL,Recent 4-week mean,test,19254.5625,0.12223789952997174,-12329.5,False
ALL,Recent 4-week mean,validation,22549.71875,0.2105733292245342,-14923.125,False
ALL,Seasonal naive (52 weeks),test,18649.375,0.11839585695841008,-3408.625,False
ALL,Seasonal naive (52 weeks),validation,29464.625,0.2751459674237596,2036.875,False
ALL,Seasonal ridge,test,27000.28501823693,0.1714117434420983,-20380.31690207957,True
ALL,Seasonal ridge,validation,21631.507091949738,0.20199890362251097,-10533.048252703593,True
84077,Recent 4-week mean,test,1084.125,0.7258955473719451,-7.625,True
84077,Recent 4-week mean,validation,330.8125,0.4457263157894737,-77.125,True
84077,Seasonal naive (52 weeks),test,1807.625,1.210328088382993,374.625,False
84077,Seasonal naive (52 weeks),validation,845.375,1.1390315789473684,389.0,False
84077,Seasonal ridge,test,1046.8702632551885,0.700950963009835,-163.20267268671944,False
84077,Seasonal ridge,validation,381.679951389873,0.5142635134516184,-23.103705941193127,False
85099B,Recent 4-week mean,test,583.0625,0.5037257019438445,55.375,True
85099B,Recent 4-week mean,validation,407.5,0.375965863222235,-187.5,True
85099B,Seasonal naive (52 weeks),test,396.5,0.34254859611231103,127.75,False
85099B,Seasonal naive (52 weeks),validation,684.1875,0.6312420712720562,-106.8125,False
85099B,Seasonal ridge,test,517.9687139719831,0.44748916973821434,66.61860242977889,False
85099B,Seasonal ridge,validation,431.1786223076919,0.3978121299113753,-197.58315701727645,False
21212,Recent 4-week mean,test,206.6875,0.3750283511000227,122.375,True
21212,Recent 4-week mean,validation,311.6875,0.4979530703944084,-47.1875,True
21212,Seasonal naive (52 weeks),test,743.875,1.3497391698797914,743.875,False
21212,Seasonal naive (52 weeks),validation,604.8125,0.9662506240639042,537.4375,False
21212,Seasonal ridge,test,236.03703553542246,0.428282214625398,145.1855866310716,False
21212,Seasonal ridge,validation,369.38296184916567,0.5901275476372092,28.914991240060353,False
85123A,Recent 4-week mean,test,328.375,0.39930080559355524,-198.875,True
85123A,Recent 4-week mean,validation,243.25,0.47550397067806965,31.375,True
85123A,Seasonal naive (52 weeks),test,724.25,0.8806809545523636,525.25,False
85123A,Seasonal naive (52 weeks),validation,518.125,1.0128283445326818,494.25,False
85123A,Seasonal ridge,test,342.00711289261505,0.41587732225884183,-241.8457547586978,False
85123A,Seasonal ridge,validation,276.0371131632498,0.539596067270861,89.34130904187894,False
22197,Recent 4-week mean,test,1203.25,0.4999480627402098,-1189.125,False
22197,Recent 4-week mean,validation,699.25,0.8530039646233608,136.25,False
22197,Seasonal naive (52 weeks),test,748.875,0.31115612340292925,-676.375,True
22197,Seasonal naive (52 weeks),validation,554.375,0.6762732540408661,-260.5,True
22197,Seasonal ridge,test,1269.9889598821424,0.5276779723204081,-1238.8016396914468,False
22197,Seasonal ridge,validation,709.0397114220204,0.8649462780384513,103.28873370596082,False
84879,Recent 4-week mean,test,340.6875,0.3381933242337759,-258.375,False
84879,Recent 4-week mean,validation,624.53125,0.7917359955629506,-81.875,False
84879,Seasonal naive (52 weeks),test,920.5,0.9137610125325722,898.0,True
84879,Seasonal naive (52 weeks),validation,495.0,0.6275255526503447,-23.875,True
84879,Seasonal ridge,test,312.54702378218946,0.3102588646553562,-250.59609865030188,False
84879,Seasonal ridge,validation,644.4886096569845,0.8170365069734373,13.886425985176857,False
23166,Recent 4-week mean,test,65.9375,0.5880713489409142,-51.25,True
23166,Recent 4-week mean,validation,81.90625,0.8154947106409458,18.75,True
23166,Seasonal naive (52 weeks),test,112.125,1.0,-112.125,False
23166,Seasonal naive (52 weeks),validation,100.4375,1.0,-100.4375,False
23166,Seasonal ridge,test,112.125,1.0,-112.125,False
23166,Seasonal ridge,validation,1181.6865810177433,11.765392219218352,1067.5615810177433,False
17003,Recent 4-week mean,test,434.5625,1.1258095854922279,155.625,True
17003,Recent 4-week mean,validation,331.71875,0.7837418783225044,39.375,True
17003,Seasonal naive (52 weeks),test,1607.5,4.164507772020725,1184.0,False
17003,Seasonal naive (52 weeks),validation,1369.4375,3.2355286473715297,1103.0625,False
17003,Seasonal ridge,test,447.75046266925824,1.15997529188927,159.5515241840469,False
17003,Seasonal ridge,validation,366.8679371619029,0.8667878019182584,121.98454236111918,False
