series_id,week,sold_units
ALL,2009-12-07,116818
ALL,2009-12-14,136726
ALL,2009-12-21,27821
ALL,2009-12-28,0
ALL,2010-01-04,96173
ALL,2010-01-11,76426
ALL,2010-01-18,135631
ALL,2010-01-25,83031
ALL,2010-02-01,65137
ALL,2010-02-08,50906
ALL,2010-02-15,176445
ALL,2010-02-22,90033
ALL,2010-03-01,101589
ALL,2010-03-08,76059
ALL,2010-03-15,156279
ALL,2010-03-22,134251
ALL,2010-03-29,75378
ALL,2010-04-05,84188
ALL,2010-04-12,82381
ALL,2010-04-19,86462
ALL,2010-04-26,103615
ALL,2010-05-03,93091
ALL,2010-05-10,107776
ALL,2010-05-17,85830
ALL,2010-05-24,103772
ALL,2010-05-31,60123
ALL,2010-06-07,123336
ALL,2010-06-14,81983
ALL,2010-06-21,65546
ALL,2010-06-28,107615
ALL,2010-07-05,75014
ALL,2010-07-12,85184
ALL,2010-07-19,82769
ALL,2010-07-26,74728
ALL,2010-08-02,75171
ALL,2010-08-09,182410
ALL,2010-08-16,107822
ALL,2010-08-23,83681
ALL,2010-08-30,87542
ALL,2010-09-06,75253
ALL,2010-09-13,101421
ALL,2010-09-20,139840
ALL,2010-09-27,237634
ALL,2010-10-04,164356
ALL,2010-10-11,173475
ALL,2010-10-18,127841
ALL,2010-10-25,113254
ALL,2010-11-01,163699
ALL,2010-11-08,178449
ALL,2010-11-15,171066
ALL,2010-11-22,147719
ALL,2010-11-29,157365
ALL,2010-12-06,121595
ALL,2010-12-13,107055
ALL,2010-12-20,39309
ALL,2010-12-27,0
ALL,2011-01-03,76831
ALL,2011-01-10,89372
ALL,2011-01-17,144691
ALL,2011-01-24,63140
ALL,2011-01-31,69364
ALL,2011-02-07,51540
ALL,2011-02-14,81344
ALL,2011-02-21,84514
ALL,2011-02-28,69336
ALL,2011-03-07,69271
ALL,2011-03-14,87746
ALL,2011-03-21,77992
ALL,2011-03-28,106752
ALL,2011-04-04,68323
ALL,2011-04-11,87474
ALL,2011-04-18,80834
ALL,2011-04-25,51532
ALL,2011-05-02,77905
ALL,2011-05-09,109956
ALL,2011-05-16,108106
ALL,2011-05-23,83859
ALL,2011-05-30,58462
ALL,2011-06-06,97861
ALL,2011-06-13,103433
ALL,2011-06-20,75048
ALL,2011-06-27,76531
ALL,2011-07-04,93021
ALL,2011-07-11,81257
ALL,2011-07-18,109856
ALL,2011-07-25,106427
ALL,2011-08-01,103036
ALL,2011-08-08,98391
ALL,2011-08-15,99935
ALL,2011-08-22,97426
ALL,2011-08-29,79784
ALL,2011-09-05,110299
ALL,2011-09-12,120983
ALL,2011-09-19,169618
ALL,2011-09-26,120297
ALL,2011-10-03,171487
ALL,2011-10-10,117896
ALL,2011-10-17,152664
ALL,2011-10-24,149752
ALL,2011-10-31,158804
ALL,2011-11-07,182855
ALL,2011-11-14,185755
ALL,2011-11-21,155535
ALL,2011-11-28,156876
84077,2009-12-07,1204
84077,2009-12-14,720
84077,2009-12-21,48
84077,2009-12-28,0
84077,2010-01-04,336
84077,2010-01-11,384
84077,2010-01-18,291
84077,2010-01-25,432
84077,2010-02-01,576
84077,2010-02-08,240
84077,2010-02-15,1008
84077,2010-02-22,576
84077,2010-03-01,1008
84077,2010-03-08,528
84077,2010-03-15,2592
84077,2010-03-22,387
84077,2010-03-29,192
84077,2010-04-05,1393
84077,2010-04-12,1007
84077,2010-04-19,576
84077,2010-04-26,672
84077,2010-05-03,240
84077,2010-05-10,1824
84077,2010-05-17,528
84077,2010-05-24,592
84077,2010-05-31,338
84077,2010-06-07,2208
84077,2010-06-14,1066
84077,2010-06-21,544
84077,2010-06-28,1448
84077,2010-07-05,193
84077,2010-07-12,823
84077,2010-07-19,1057
84077,2010-07-26,838
84077,2010-08-02,2986
84077,2010-08-09,817
84077,2010-08-16,816
84077,2010-08-23,246
84077,2010-08-30,1920
84077,2010-09-06,865
84077,2010-09-13,307
84077,2010-09-20,917
84077,2010-09-27,770
84077,2010-10-04,3552
84077,2010-10-11,720
84077,2010-10-18,481
84077,2010-10-25,730
84077,2010-11-01,5349
84077,2010-11-08,2556
84077,2010-11-15,826
84077,2010-11-22,629
84077,2010-11-29,3654
84077,2010-12-06,513
84077,2010-12-13,1173
84077,2010-12-20,100
84077,2010-12-27,0
84077,2011-01-03,625
84077,2011-01-10,289
84077,2011-01-17,0
84077,2011-01-24,530
84077,2011-01-31,2837
84077,2011-02-07,48
84077,2011-02-14,424
84077,2011-02-21,257
84077,2011-02-28,1680
84077,2011-03-07,1200
84077,2011-03-14,480
84077,2011-03-21,192
84077,2011-03-28,3216
84077,2011-04-04,392
84077,2011-04-11,2448
84077,2011-04-18,1927
84077,2011-04-25,2592
84077,2011-05-02,917
84077,2011-05-09,1248
84077,2011-05-16,1008
84077,2011-05-23,576
84077,2011-05-30,1445
84077,2011-06-06,480
84077,2011-06-13,145
84077,2011-06-20,961
84077,2011-06-27,291
84077,2011-07-04,1109
84077,2011-07-11,1104
84077,2011-07-18,726
84077,2011-07-25,823
84077,2011-08-01,98
84077,2011-08-08,577
84077,2011-08-15,528
84077,2011-08-22,1056
84077,2011-08-29,290
84077,2011-09-05,432
84077,2011-09-12,1296
84077,2011-09-19,587
84077,2011-09-26,1008
84077,2011-10-03,989
84077,2011-10-10,730
84077,2011-10-17,975
84077,2011-10-24,5328
84077,2011-10-31,974
84077,2011-11-07,1167
84077,2011-11-14,1170
84077,2011-11-21,915
84077,2011-11-28,689
85099B,2009-12-07,1233
85099B,2009-12-14,1304
85099B,2009-12-21,36
85099B,2009-12-28,0
85099B,2010-01-04,1152
85099B,2010-01-11,929
85099B,2010-01-18,627
85099B,2010-01-25,864
85099B,2010-02-01,488
85099B,2010-02-08,547
85099B,2010-02-15,1014
85099B,2010-02-22,613
85099B,2010-03-01,754
85099B,2010-03-08,800
85099B,2010-03-15,555
85099B,2010-03-22,930
85099B,2010-03-29,588
85099B,2010-04-05,416
85099B,2010-04-12,1007
85099B,2010-04-19,645
85099B,2010-04-26,1539
85099B,2010-05-03,1207
85099B,2010-05-10,997
85099B,2010-05-17,624
85099B,2010-05-24,760
85099B,2010-05-31,728
85099B,2010-06-07,983
85099B,2010-06-14,696
85099B,2010-06-21,750
85099B,2010-06-28,1415
85099B,2010-07-05,654
85099B,2010-07-12,865
85099B,2010-07-19,1268
85099B,2010-07-26,618
85099B,2010-08-02,726
85099B,2010-08-09,893
85099B,2010-08-16,189
85099B,2010-08-23,1
85099B,2010-08-30,1889
85099B,2010-09-06,1313
85099B,2010-09-13,1118
85099B,2010-09-20,1381
85099B,2010-09-27,1597
85099B,2010-10-04,956
85099B,2010-10-11,1857
85099B,2010-10-18,783
85099B,2010-10-25,515
85099B,2010-11-01,793
85099B,2010-11-08,2129
85099B,2010-11-15,1215
85099B,2010-11-22,1223
85099B,2010-11-29,1767
85099B,2010-12-06,852
85099B,2010-12-13,427
85099B,2010-12-20,180
85099B,2010-12-27,0
85099B,2011-01-03,1374
85099B,2011-01-10,225
85099B,2011-01-17,594
85099B,2011-01-24,502
85099B,2011-01-31,965
85099B,2011-02-07,288
85099B,2011-02-14,985
85099B,2011-02-21,810
85099B,2011-02-28,624
85099B,2011-03-07,738
85099B,2011-03-14,1546
85099B,2011-03-21,1379
85099B,2011-03-28,1103
85099B,2011-04-04,975
85099B,2011-04-11,616
85099B,2011-04-18,549
85099B,2011-04-25,385
85099B,2011-05-02,380
85099B,2011-05-09,1206
85099B,2011-05-16,978
85099B,2011-05-23,933
85099B,2011-05-30,273
85099B,2011-06-06,883
85099B,2011-06-13,959
85099B,2011-06-20,841
85099B,2011-06-27,815
85099B,2011-07-04,1364
85099B,2011-07-11,431
85099B,2011-07-18,733
85099B,2011-07-25,540
85099B,2011-08-01,1050
85099B,2011-08-08,1373
85099B,2011-08-15,1356
85099B,2011-08-22,1518
85099B,2011-08-29,717
85099B,2011-09-05,556
85099B,2011-09-12,743
85099B,2011-09-19,1667
85099B,2011-09-26,929
85099B,2011-10-03,2709
85099B,2011-10-10,947
85099B,2011-10-17,1045
85099B,2011-10-24,600
85099B,2011-10-31,1063
85099B,2011-11-07,2200
85099B,2011-11-14,1602
85099B,2011-11-21,753
85099B,2011-11-28,1050
21212,2009-12-07,1123
21212,2009-12-14,1591
21212,2009-12-21,764
21212,2009-12-28,0
21212,2010-01-04,771
21212,2010-01-11,505
21212,2010-01-18,1203
21212,2010-01-25,1445
21212,2010-02-01,974
21212,2010-02-08,905
21212,2010-02-15,881
21212,2010-02-22,1507
21212,2010-03-01,1319
21212,2010-03-08,689
21212,2010-03-15,1302
21212,2010-03-22,880
21212,2010-03-29,559
21212,2010-04-05,1724
21212,2010-04-12,1300
21212,2010-04-19,792
21212,2010-04-26,1472
21212,2010-05-03,961
21212,2010-05-10,912
21212,2010-05-17,939
21212,2010-05-24,1495
21212,2010-05-31,837
21212,2010-06-07,1459
21212,2010-06-14,717
21212,2010-06-21,484
21212,2010-06-28,1497
21212,2010-07-05,1137
21212,2010-07-12,850
21212,2010-07-19,1481
21212,2010-07-26,795
21212,2010-08-02,330
21212,2010-08-09,1900
21212,2010-08-16,1859
21212,2010-08-23,397
21212,2010-08-30,1097
21212,2010-09-06,687
21212,2010-09-13,1006
21212,2010-09-20,1064
21212,2010-09-27,1299
21212,2010-10-04,2731
21212,2010-10-11,1561
21212,2010-10-18,1360
21212,2010-10-25,613
21212,2010-11-01,1097
21212,2010-11-08,896
21212,2010-11-15,1687
21212,2010-11-22,1307
21212,2010-11-29,1839
21212,2010-12-06,1104
21212,2010-12-13,664
21212,2010-12-20,1363
21212,2010-12-27,0
21212,2011-01-03,324
21212,2011-01-10,619
21212,2011-01-17,1753
21212,2011-01-24,557
21212,2011-01-31,558
21212,2011-02-07,347
21212,2011-02-14,526
21212,2011-02-21,718
21212,2011-02-28,689
21212,2011-03-07,814
21212,2011-03-14,1303
21212,2011-03-21,527
21212,2011-03-28,785
21212,2011-04-04,669
21212,2011-04-11,600
21212,2011-04-18,1421
21212,2011-04-25,315
21212,2011-05-02,788
21212,2011-05-09,1647
21212,2011-05-16,599
21212,2011-05-23,360
21212,2011-05-30,229
21212,2011-06-06,619
21212,2011-06-13,856
21212,2011-06-20,181
21212,2011-06-27,123
21212,2011-07-04,1112
21212,2011-07-11,253
21212,2011-07-18,335
21212,2011-07-25,1083
21212,2011-08-01,445
21212,2011-08-08,335
21212,2011-08-15,1650
21212,2011-08-22,508
21212,2011-08-29,459
21212,2011-09-05,712
21212,2011-09-12,955
21212,2011-09-19,1028
21212,2011-09-26,359
21212,2011-10-03,477
21212,2011-10-10,499
21212,2011-10-17,507
21212,2011-10-24,521
21212,2011-10-31,1042
21212,2011-11-07,362
21212,2011-11-14,590
21212,2011-11-21,342
21212,2011-11-28,546
85123A,2009-12-07,3172
85123A,2009-12-14,1294
85123A,2009-12-21,128
85123A,2009-12-28,0
85123A,2010-01-04,1773
85123A,2010-01-11,921
85123A,2010-01-18,1410
85123A,2010-01-25,1382
85123A,2010-02-01,727
85123A,2010-02-08,586
85123A,2010-02-15,669
85123A,2010-02-22,929
85123A,2010-03-01,842
85123A,2010-03-08,848
85123A,2010-03-15,1496
85123A,2010-03-22,1184
85123A,2010-03-29,900
85123A,2010-04-05,909
85123A,2010-04-12,848
85123A,2010-04-19,696
85123A,2010-04-26,1120
85123A,2010-05-03,1053
85123A,2010-05-10,1105
85123A,2010-05-17,1258
85123A,2010-05-24,954
85123A,2010-05-31,545
85123A,2010-06-07,1589
85123A,2010-06-14,586
85123A,2010-06-21,778
85123A,2010-06-28,1209
85123A,2010-07-05,718
85123A,2010-07-12,1265
85123A,2010-07-19,1159
85123A,2010-07-26,589
85123A,2010-08-02,547
85123A,2010-08-09,1218
85123A,2010-08-16,1686
85123A,2010-08-23,1118
85123A,2010-08-30,867
85123A,2010-09-06,914
85123A,2010-09-13,1048
85123A,2010-09-20,1085
85123A,2010-09-27,900
85123A,2010-10-04,992
85123A,2010-10-11,999
85123A,2010-10-18,792
85123A,2010-10-25,1462
85123A,2010-11-01,1367
85123A,2010-11-08,1610
85123A,2010-11-15,863
85123A,2010-11-22,2115
85123A,2010-11-29,1573
85123A,2010-12-06,1045
85123A,2010-12-13,1524
85123A,2010-12-20,197
85123A,2010-12-27,0
85123A,2011-01-03,973
85123A,2011-01-10,3329
85123A,2011-01-17,661
85123A,2011-01-24,541
85123A,2011-01-31,586
85123A,2011-02-07,517
85123A,2011-02-14,365
85123A,2011-02-21,401
85123A,2011-02-28,380
85123A,2011-03-07,454
85123A,2011-03-14,464
85123A,2011-03-21,365
85123A,2011-03-28,582
85123A,2011-04-04,374
85123A,2011-04-11,474
85123A,2011-04-18,2422
85123A,2011-04-25,375
85123A,2011-05-02,1144
85123A,2011-05-09,873
85123A,2011-05-16,783
85123A,2011-05-23,1026
85123A,2011-05-30,628
85123A,2011-06-06,389
85123A,2011-06-13,389
85123A,2011-06-20,236
85123A,2011-06-27,258
85123A,2011-07-04,258
85123A,2011-07-11,1195
85123A,2011-07-18,719
85123A,2011-07-25,780
85123A,2011-08-01,441
85123A,2011-08-08,466
85123A,2011-08-15,296
85123A,2011-08-22,772
85123A,2011-08-29,394
85123A,2011-09-05,440
85123A,2011-09-12,658
85123A,2011-09-19,705
85123A,2011-09-26,402
85123A,2011-10-03,165
85123A,2011-10-10,679
85123A,2011-10-17,231
85123A,2011-10-24,444
85123A,2011-10-31,1704
85123A,2011-11-07,575
85123A,2011-11-14,1322
85123A,2011-11-21,898
85123A,2011-11-28,726
22197,2009-12-07,153
22197,2009-12-14,644
22197,2009-12-21,2
22197,2009-12-28,0
22197,2010-01-04,21
22197,2010-01-11,72
22197,2010-01-18,23
22197,2010-01-25,621
22197,2010-02-01,81
22197,2010-02-08,68
22197,2010-02-15,19
22197,2010-02-22,1407
22197,2010-03-01,133
22197,2010-03-08,47
22197,2010-03-15,826
22197,2010-03-22,103
22197,2010-03-29,423
22197,2010-04-05,716
22197,2010-04-12,224
22197,2010-04-19,378
22197,2010-04-26,500
22197,2010-05-03,203
22197,2010-05-10,180
22197,2010-05-17,192
22197,2010-05-24,218
22197,2010-05-31,145
22197,2010-06-07,617
22197,2010-06-14,625
22197,2010-06-21,168
22197,2010-06-28,365
22197,2010-07-05,278
22197,2010-07-12,766
22197,2010-07-19,691
22197,2010-07-26,265
22197,2010-08-02,95
22197,2010-08-09,552
22197,2010-08-16,1025
22197,2010-08-23,880
22197,2010-08-30,135
22197,2010-09-06,270
22197,2010-09-13,534
22197,2010-09-20,1709
22197,2010-09-27,296
22197,2010-10-04,919
22197,2010-10-11,345
22197,2010-10-18,1239
22197,2010-10-25,2582
22197,2010-11-01,926
22197,2010-11-08,4115
22197,2010-11-15,1746
22197,2010-11-22,2207
22197,2010-11-29,683
22197,2010-12-06,1012
22197,2010-12-13,981
22197,2010-12-20,252
22197,2010-12-27,0
22197,2011-01-03,807
22197,2011-01-10,344
22197,2011-01-17,261
22197,2011-01-24,351
22197,2011-01-31,107
22197,2011-02-07,239
22197,2011-02-14,1040
22197,2011-02-21,1312
22197,2011-02-28,370
22197,2011-03-07,779
22197,2011-03-14,583
22197,2011-03-21,237
22197,2011-03-28,1042
22197,2011-04-04,564
22197,2011-04-11,784
22197,2011-04-18,232
22197,2011-04-25,310
22197,2011-05-02,372
22197,2011-05-09,381
22197,2011-05-16,1300
22197,2011-05-23,4562
22197,2011-05-30,533
22197,2011-06-06,410
22197,2011-06-13,437
22197,2011-06-20,345
22197,2011-06-27,430
22197,2011-07-04,636
22197,2011-07-11,157
22197,2011-07-18,621
22197,2011-07-25,436
22197,2011-08-01,2178
22197,2011-08-08,1735
22197,2011-08-15,518
22197,2011-08-22,826
22197,2011-08-29,956
22197,2011-09-05,516
22197,2011-09-12,570
22197,2011-09-19,682
22197,2011-09-26,1675
22197,2011-10-03,835
22197,2011-10-10,884
22197,2011-10-17,1164
22197,2011-10-24,2775
22197,2011-10-31,1156
22197,2011-11-07,3900
22197,2011-11-14,3145
22197,2011-11-21,2955
22197,2011-11-28,3275
84879,2009-12-07,1213
84879,2009-12-14,1324
84879,2009-12-21,82
84879,2009-12-28,0
84879,2010-01-04,168
84879,2010-01-11,233
84879,2010-01-18,897
84879,2010-01-25,211
84879,2010-02-01,274
84879,2010-02-08,512
84879,2010-02-15,587
84879,2010-02-22,294
84879,2010-03-01,735
84879,2010-03-08,917
84879,2010-03-15,551
84879,2010-03-22,840
84879,2010-03-29,331
84879,2010-04-05,736
84879,2010-04-12,653
84879,2010-04-19,504
84879,2010-04-26,919
84879,2010-05-03,342
84879,2010-05-10,923
84879,2010-05-17,283
84879,2010-05-24,560
84879,2010-05-31,309
84879,2010-06-07,264
84879,2010-06-14,569
84879,2010-06-21,252
84879,2010-06-28,692
84879,2010-07-05,874
84879,2010-07-12,400
84879,2010-07-19,1043
84879,2010-07-26,621
84879,2010-08-02,648
84879,2010-08-09,758
84879,2010-08-16,664
84879,2010-08-23,1000
84879,2010-08-30,963
84879,2010-09-06,387
84879,2010-09-13,619
84879,2010-09-20,1792
84879,2010-09-27,773
84879,2010-10-04,753
84879,2010-10-11,2277
84879,2010-10-18,1736
84879,2010-10-25,1039
84879,2010-11-01,992
84879,2010-11-08,5584
84879,2010-11-15,1476
84879,2010-11-22,947
84879,2010-11-29,1192
84879,2010-12-06,789
84879,2010-12-13,638
84879,2010-12-20,40
84879,2010-12-27,0
84879,2011-01-03,480
84879,2011-01-10,442
84879,2011-01-17,139
84879,2011-01-24,344
84879,2011-01-31,937
84879,2011-02-07,160
84879,2011-02-14,588
84879,2011-02-21,328
84879,2011-02-28,213
84879,2011-03-07,642
84879,2011-03-14,968
84879,2011-03-21,391
84879,2011-03-28,585
84879,2011-04-04,753
84879,2011-04-11,815
84879,2011-04-18,612
84879,2011-04-25,264
84879,2011-05-02,594
84879,2011-05-09,1201
84879,2011-05-16,595
84879,2011-05-23,565
84879,2011-05-30,384
84879,2011-06-06,292
84879,2011-06-13,446
84879,2011-06-20,270
84879,2011-06-27,292
84879,2011-07-04,460
84879,2011-07-11,372
84879,2011-07-18,519
84879,2011-07-25,478
84879,2011-08-01,3800
84879,2011-08-08,1323
84879,2011-08-15,556
84879,2011-08-22,850
84879,2011-08-29,216
84879,2011-09-05,488
84879,2011-09-12,908
84879,2011-09-19,701
84879,2011-09-26,799
84879,2011-10-03,589
84879,2011-10-10,420
84879,2011-10-17,829
84879,2011-10-24,778
84879,2011-10-31,968
84879,2011-11-07,1748
84879,2011-11-14,1326
84879,2011-11-21,1037
84879,2011-11-28,953
23166,2009-12-07,0
23166,2009-12-14,0
23166,2009-12-21,0
23166,2009-12-28,0
23166,2010-01-04,0
23166,2010-01-11,0
23166,2010-01-18,0
23166,2010-01-25,0
23166,2010-02-01,0
23166,2010-02-08,0
23166,2010-02-15,0
23166,2010-02-22,0
23166,2010-03-01,0
23166,2010-03-08,0
23166,2010-03-15,0
23166,2010-03-22,0
23166,2010-03-29,0
23166,2010-04-05,0
23166,2010-04-12,0
23166,2010-04-19,0
23166,2010-04-26,0
23166,2010-05-03,0
23166,2010-05-10,0
23166,2010-05-17,0
23166,2010-05-24,0
23166,2010-05-31,0
23166,2010-06-07,0
23166,2010-06-14,0
23166,2010-06-21,0
23166,2010-06-28,0
23166,2010-07-05,0
23166,2010-07-12,0
23166,2010-07-19,0
23166,2010-07-26,0
23166,2010-08-02,0
23166,2010-08-09,0
23166,2010-08-16,0
23166,2010-08-23,0
23166,2010-08-30,0
23166,2010-09-06,0
23166,2010-09-13,0
23166,2010-09-20,0
23166,2010-09-27,0
23166,2010-10-04,0
23166,2010-10-11,0
23166,2010-10-18,0
23166,2010-10-25,0
23166,2010-11-01,0
23166,2010-11-08,0
23166,2010-11-15,0
23166,2010-11-22,0
23166,2010-11-29,0
23166,2010-12-06,0
23166,2010-12-13,0
23166,2010-12-20,0
23166,2010-12-27,0
23166,2011-01-03,0
23166,2011-01-10,0
23166,2011-01-17,74215
23166,2011-01-24,0
23166,2011-01-31,0
23166,2011-02-07,0
23166,2011-02-14,0
23166,2011-02-21,0
23166,2011-02-28,0
23166,2011-03-07,0
23166,2011-03-14,0
23166,2011-03-21,0
23166,2011-03-28,0
23166,2011-04-04,0
23166,2011-04-11,0
23166,2011-04-18,0
23166,2011-04-25,0
23166,2011-05-02,0
23166,2011-05-09,192
23166,2011-05-16,393
23166,2011-05-23,215
23166,2011-05-30,67
23166,2011-06-06,145
23166,2011-06-13,125
23166,2011-06-20,54
23166,2011-06-27,7
23166,2011-07-04,82
23166,2011-07-11,94
23166,2011-07-18,193
23166,2011-07-25,362
23166,2011-08-01,128
23166,2011-08-08,59
23166,2011-08-15,141
23166,2011-08-22,82
23166,2011-08-29,24
23166,2011-09-05,129
23166,2011-09-12,39
23166,2011-09-19,92
23166,2011-09-26,79
23166,2011-10-03,42
23166,2011-10-10,82
23166,2011-10-17,57
23166,2011-10-24,63
23166,2011-10-31,33
23166,2011-11-07,85
23166,2011-11-14,36
23166,2011-11-21,422
23166,2011-11-28,119
17003,2009-12-07,192
17003,2009-12-14,425
17003,2009-12-21,1
17003,2009-12-28,0
17003,2010-01-04,2
17003,2010-01-11,758
17003,2010-01-18,51
17003,2010-01-25,150
17003,2010-02-01,806
17003,2010-02-08,151
17003,2010-02-15,829
17003,2010-02-22,109
17003,2010-03-01,184
17003,2010-03-08,21
17003,2010-03-15,792
17003,2010-03-22,0
17003,2010-03-29,0
17003,2010-04-05,61
17003,2010-04-12,0
17003,2010-04-19,119
17003,2010-04-26,721
17003,2010-05-03,828
17003,2010-05-10,2342
17003,2010-05-17,62
17003,2010-05-24,738
17003,2010-05-31,43
17003,2010-06-07,1289
17003,2010-06-14,309
17003,2010-06-21,987
17003,2010-06-28,758
17003,2010-07-05,194
17003,2010-07-12,6
17003,2010-07-19,775
17003,2010-07-26,180
17003,2010-08-02,216
17003,2010-08-09,36
17003,2010-08-16,828
17003,2010-08-23,864
17003,2010-08-30,11210
17003,2010-09-06,1590
17003,2010-09-13,74
17003,2010-09-20,922
17003,2010-09-27,149
17003,2010-10-04,5632
17003,2010-10-11,925
17003,2010-10-18,158
17003,2010-10-25,36
17003,2010-11-01,6816
17003,2010-11-08,548
17003,2010-11-15,1522
17003,2010-11-22,1757
17003,2010-11-29,798
17003,2010-12-06,263
17003,2010-12-13,90
17003,2010-12-20,0
17003,2010-12-27,0
17003,2011-01-03,864
17003,2011-01-10,8
17003,2011-01-17,831
17003,2011-01-24,1440
17003,2011-01-31,146
17003,2011-02-07,0
17003,2011-02-14,290
17003,2011-02-21,0
17003,2011-02-28,144
17003,2011-03-07,252
17003,2011-03-14,2196
17003,2011-03-21,48
17003,2011-03-28,769
17003,2011-04-04,146
17003,2011-04-11,73
17003,2011-04-18,11
17003,2011-04-25,267
17003,2011-05-02,78
17003,2011-05-09,510
17003,2011-05-16,792
17003,2011-05-23,793
17003,2011-05-30,360
17003,2011-06-06,913
17003,2011-06-13,837
17003,2011-06-20,864
17003,2011-06-27,88
17003,2011-07-04,318
17003,2011-07-11,1012
17003,2011-07-18,289
17003,2011-07-25,149
17003,2011-08-01,146
17003,2011-08-08,144
17003,2011-08-15,78
17003,2011-08-22,940
17003,2011-08-29,291
17003,2011-09-05,180
17003,2011-09-12,109
17003,2011-09-19,857
17003,2011-09-26,931
17003,2011-10-03,376
17003,2011-10-10,72
17003,2011-10-17,204
17003,2011-10-24,1684
17003,2011-10-31,100
17003,2011-11-07,109
17003,2011-11-14,315
17003,2011-11-21,474
17003,2011-11-28,130
