month,gross_revenue,refunds,net_revenue,assumed_cogs,assumed_marketplace_fees,assumed_advertising,modeled_contribution_profit,sold_units,returned_units,modeled_contribution_margin,return_unit_rate,complete_month
2009-12,800939.83,19372.34,781567.49,481205.48850000004,120140.9745,64075.1864,116145.84059999997,426709,9944,0.14860628427623054,0.023303937812420173,True
2010-01,613824.59,7420.64,606403.95,410474.581,92073.6885,49105.9672,54749.713299999974,391261,3295,0.09028587841487506,0.00842148846933377,True
2010-02,539728.55,12554.44,527174.11,372245.43125,80959.2825,43178.284,30791.11224999998,382521,6735,0.058407861209269135,0.017606876485212575,True
2010-03,764293.49,9657.2,754636.29,476869.67625,114644.0235,61143.4792,101979.11104999998,526349,4274,0.13513677039040883,0.008120087622471022,True
2010-04,648886.07,10025.26,638860.81,371995.80275000003,97332.9105,51910.8856,117621.21114999997,367549,5998,0.18411085687037207,0.016318912580363436,True
2010-05,645627.64,37294.14,608333.5,376296.73400000005,96844.146,51650.2112,83542.40879999998,396773,16568,0.13732994944384944,0.041756873577587186,True
2010-06,699172.3,26344.01,672828.29,387917.8545,104875.845,55933.784,124100.80649999998,408013,15366,0.18444647519205826,0.03766056473690789,True
2010-07,634886.18,17132.73,617753.45,366450.60650000005,95232.927,50790.894400000005,105279.02209999997,338573,5987,0.17042239440346305,0.017683040289686418,True
2010-08,676059.87,12418.65,663641.22,459417.72525,101408.98049999999,54084.789600000004,48729.72464999997,472970,6276,0.07342781488166146,0.0132693405501406,True
2010-09,871859.66,27777.97,844081.69,483015.07925,130778.949,69748.7728,160538.88894999996,584850,94286,0.19019354507026442,0.16121398649226298,True
2010-10,1097939.37,25550.02,1072389.35,631498.01,164690.9055,87835.1496,188365.28489999997,621592,11430,0.1756500891210827,0.018388267545270853,True
2010-11,1435532.81,35120.88,1400411.93,749361.88525,215329.9215,114842.6248,320877.49844999996,727514,17638,0.22913079471552344,0.02424420698433295,True
2010-12,777865.64,17607.86,760257.78,399978.766,116679.84599999999,62229.2512,181369.91679999998,358743,16009,0.2385637103246743,0.04462526098070206,True
2011-01,671914.9400000001,91526.3,580388.64,345536.10850000003,100787.241,53753.1952,80312.09529999997,387422,79784,0.13837640809096466,0.20593564640108203,True
2011-02,508869.75,8375.87,500493.88,282131.09375,76330.4625,40709.58,101322.74374999998,283243,2606,0.20244551991325044,0.00920058042034578,True
2011-03,691132.59,10675.3,680457.29,373070.19475,103669.8885,55290.6072,148426.59954999998,377071,4338,0.21812772341670406,0.011504464676413726,True
2011-04,516194.91,33316.909999999996,482878.0,275340.3125,77429.2365,41295.5928,88812.85819999999,308509,13600,0.1839240102054763,0.04408299271658201,True
2011-05,741153.76,8948.23,732205.53,420389.87925000006,111173.064,59292.300800000005,141350.28594999996,395378,4057,0.19304727997615637,0.010261066624850143,True
2011-06,738751.87,13760.84,724991.03,404525.33275,110812.7805,59100.149600000004,150552.76714999997,388826,7215,0.20766155844714376,0.018555857890161665,True
2011-07,689289.86,11409.21,677880.65,397197.60575000005,103393.47899999999,55143.1888,122146.37644999998,401329,5946,0.18018861646220463,0.014815774588928285,True
2011-08,725493.76,22929.52,702564.24,395310.68225,108824.064,58039.5008,140389.99294999999,421439,11662,0.19982513335720017,0.027671857611659103,True
2011-09,1030468.78,17044.68,1013424.1,582019.49025,154570.317,82437.5024,194396.79034999997,569945,7084,0.1918217559164026,0.01242926949091579,True
2011-10,1106666.53,43992.159999999996,1062674.37,620496.56625,165999.9795,88533.3224,187644.50184999997,621728,23847,0.1765776113053333,0.03835600133820578,True
2011-11,1457742.24,25010.54,1432731.7,756497.9317500001,218661.33599999998,116619.3792,340953.05305,750081,12332,0.23797411130779056,0.01644089105043322,True
2011-12,615489.98,174126.76,441363.22000000003,261446.72400000002,92323.497,49239.1984,38353.80059999997,313282,83550,0.08689849734193976,0.266692628366775,False
