series_id,week,model,predicted_units,lower_units,upper_units,range_label,assumed_average_selling_price,expected_gross_revenue,as_of
ALL,2011-12-05,Seasonal ridge,139432.67762208174,114821.32408438,164044.03115978348,Empirical error range; coverage not guaranteed,1.8600334848918565,259349.44926520344,2011-12-04
ALL,2011-12-12,Seasonal ridge,130820.47528792008,81213.55255598224,180427.39801985788,Empirical error range; coverage not guaranteed,1.8600334848918565,243330.46454499892,2011-12-04
ALL,2011-12-19,Seasonal ridge,110573.71978385837,88148.47372807283,132998.9658396439,Empirical error range; coverage not guaranteed,1.8600334848918565,205670.8213470257,2011-12-04
ALL,2011-12-26,Seasonal ridge,95548.11349894112,51580.2926661379,139515.93433174433,Empirical error range; coverage not guaranteed,1.8600334848918565,177722.69052627808,2011-12-04
84077,2011-12-05,Recent 4-week mean,985.25,391.7499999999999,1578.75,Empirical error range; coverage not guaranteed,0.2640615006150061,260.1665934809348,2011-12-04
84077,2011-12-12,Recent 4-week mean,985.25,524.0999999999999,1446.4,Empirical error range; coverage not guaranteed,0.2640615006150061,260.1665934809348,2011-12-04
84077,2011-12-19,Recent 4-week mean,985.25,313.2249999999999,1657.275,Empirical error range; coverage not guaranteed,0.2640615006150061,260.1665934809348,2011-12-04
84077,2011-12-26,Recent 4-week mean,985.25,551.75,1418.75,Empirical error range; coverage not guaranteed,0.2640615006150061,260.1665934809348,2011-12-04
85099B,2011-12-05,Recent 4-week mean,1401.25,1010.725,1791.775,Empirical error range; coverage not guaranteed,1.963705244578921,2751.641973966213,2011-12-04
85099B,2011-12-12,Recent 4-week mean,1401.25,781.875,2020.625,Empirical error range; coverage not guaranteed,1.963705244578921,2751.641973966213,2011-12-04
85099B,2011-12-19,Recent 4-week mean,1401.25,917.75,1884.75,Empirical error range; coverage not guaranteed,1.963705244578921,2751.641973966213,2011-12-04
85099B,2011-12-26,Recent 4-week mean,1401.25,77.59999999999991,2724.9,Empirical error range; coverage not guaranteed,1.963705244578921,2751.641973966213,2011-12-04
21212,2011-12-05,Recent 4-week mean,460.0,0.0,1330.85,Empirical error range; coverage not guaranteed,0.6007468513853904,276.3435516372796,2011-12-04
21212,2011-12-12,Recent 4-week mean,460.0,0.0,1043.9250000000002,Empirical error range; coverage not guaranteed,0.6007468513853904,276.3435516372796,2011-12-04
21212,2011-12-19,Recent 4-week mean,460.0,0.0,1019.175,Empirical error range; coverage not guaranteed,0.6007468513853904,276.3435516372796,2011-12-04
21212,2011-12-26,Recent 4-week mean,460.0,132.42499999999995,787.575,Empirical error range; coverage not guaranteed,0.6007468513853904,276.3435516372796,2011-12-04
85123A,2011-12-05,Recent 4-week mean,880.25,528.2,1232.3,Empirical error range; coverage not guaranteed,2.850377695831937,2509.0449667560624,2011-12-04
85123A,2011-12-12,Recent 4-week mean,880.25,547.275,1213.225,Empirical error range; coverage not guaranteed,2.850377695831937,2509.0449667560624,2011-12-04
85123A,2011-12-19,Recent 4-week mean,880.25,573.0,1187.5,Empirical error range; coverage not guaranteed,2.850377695831937,2509.0449667560624,2011-12-04
85123A,2011-12-26,Recent 4-week mean,880.25,376.19999999999993,1384.3000000000002,Empirical error range; coverage not guaranteed,2.850377695831937,2509.0449667560624,2011-12-04
22197,2011-12-05,Seasonal naive (52 weeks),1012.0,604.0,1420.0,Empirical error range; coverage not guaranteed,0.9997785993540712,1011.77594254632,2011-12-04
22197,2011-12-12,Seasonal naive (52 weeks),981.0,210.79999999999984,1751.2000000000005,Empirical error range; coverage not guaranteed,0.9997785993540712,980.7828059663436,2011-12-04
22197,2011-12-19,Seasonal naive (52 weeks),252.0,0.0,2123.8,Empirical error range; coverage not guaranteed,0.9997785993540712,251.9442070372259,2011-12-04
22197,2011-12-26,Seasonal naive (52 weeks),0.0,0.0,1010.8,Empirical error range; coverage not guaranteed,0.9997785993540712,0.0,2011-12-04
84879,2011-12-05,Seasonal naive (52 weeks),789.0,335.49999999999994,1242.5,Empirical error range; coverage not guaranteed,1.63030492030492,1286.310582120582,2011-12-04
84879,2011-12-12,Seasonal naive (52 weeks),638.0,0.0,1521.7000000000005,Empirical error range; coverage not guaranteed,1.63030492030492,1040.134539154539,2011-12-04
84879,2011-12-19,Seasonal naive (52 weeks),40.0,0.0,2470.5000000000005,Empirical error range; coverage not guaranteed,1.63030492030492,65.2121968121968,2011-12-04
84879,2011-12-26,Seasonal naive (52 weeks),0.0,0.0,444.7000000000001,Empirical error range; coverage not guaranteed,1.63030492030492,0.0,2011-12-04
23166,2011-12-05,Recent 4-week mean,165.5,46.675,284.325,Empirical error range; coverage not guaranteed,1.2026917057902973,199.0454773082942,2011-12-04
23166,2011-12-12,Recent 4-week mean,165.5,0.0,416.725,Empirical error range; coverage not guaranteed,1.2026917057902973,199.0454773082942,2011-12-04
23166,2011-12-19,Recent 4-week mean,165.5,31.82499999999999,299.175,Empirical error range; coverage not guaranteed,1.2026917057902973,199.0454773082942,2011-12-04
23166,2011-12-26,Recent 4-week mean,165.5,110.35,220.65,Empirical error range; coverage not guaranteed,1.2026917057902973,199.0454773082942,2011-12-04
17003,2011-12-05,Recent 4-week mean,257.0,0.0,533.025,Empirical error range; coverage not guaranteed,0.3249070564879986,83.50111351741565,2011-12-04
17003,2011-12-12,Recent 4-week mean,257.0,0.0,978.925,Empirical error range; coverage not guaranteed,0.3249070564879986,83.50111351741565,2011-12-04
17003,2011-12-19,Recent 4-week mean,257.0,0.0,775.475,Empirical error range; coverage not guaranteed,0.3249070564879986,83.50111351741565,2011-12-04
17003,2011-12-26,Recent 4-week mean,257.0,0.0,641.425,Empirical error range; coverage not guaranteed,0.3249070564879986,83.50111351741565,2011-12-04
